fecha,precio
2013.5535388127853,91.6
2013.5562785388129,95.6
2013.5590182648402,95.1
2013.5617579908676,96.9
2013.564497716895,96.0
2013.5672374429223,94.4
2013.5699771689497,98.8
2013.5727168949772,101.5
2013.5754566210046,108.0
2013.578196347032,106.2
2013.5809360730593,104.0
2013.5836757990867,104.5
2013.5864155251143,104.9
2013.5891552511416,105.1
2013.591894977169,106.7
2013.5946347031963,106.6
2013.5973744292237,106.0
2013.600114155251,103.1
2013.6028538812786,102.8
2013.605593607306,103.0
2013.6083333333333,105.0
2013.6110730593607,106.8
2013.613812785388,109.6
2013.6165525114154,112.6
2013.619292237443,110.0
2013.6220319634704,109.0
2013.6247716894977,112.8
2013.627511415525,113.4
2013.6302511415524,118.5
2013.63299086758,121.2
2013.6357305936074,123.3
2013.6384703196347,122.0
2013.641210045662,118.5
2013.6439497716894,119.6
2013.6466894977168,122.1
2013.6494292237444,120.1
2013.6521689497717,131.3
2013.654908675799,128.8
2013.6576484018265,129.3
2013.6603881278538,138.0
2013.6631278538812,141.0
2013.6658675799088,146.0
2013.6686073059361,144.0
2013.6713470319635,144.0
2013.6740867579908,132.5
2013.6768264840182,130.2
2013.6795662100456,121.9
2013.6823059360731,129.0
2013.6850456621005,126.3
2013.6876712328767,133.1
2013.690410958904,132.6
2013.6931506849314,142.1
2013.695890410959,139.4
2013.6986301369864,140.7
2013.7013698630137,136.7
2013.704109589041,138.3
2013.7068493150684,139.4
2013.7095890410958,139.1
2013.7123287671234,140.4
2013.7150684931507,135.1
2013.717808219178,133.8
2013.7205479452055,134.4
2013.7232876712328,134.0
2013.7260273972602,133.4
2013.7287671232878,134.8
2013.731506849315,135.0
2013.7342465753425,137.1
2013.7369863013698,138.9
2013.7397260273972,142.5
2013.7424657534248,143.9
2013.7452054794521,141.9
2013.7479452054795,140.3
2013.7506849315068,123.0
2013.7534246575342,131.0
2013.7561643835616,136.8
2013.7589041095891,136.7
2013.7616438356165,137.8
2013.7643835616439,135.8
2013.7671232876712,136.5
2013.7698630136986,139.5
2013.772602739726,140.4
2013.7753424657535,140.1
2013.7780821917809,142.9
2013.7808219178082,147.5
2013.7835616438356,151.4
2013.786301369863,158.1
2013.7890410958903,152.8
2013.7917808219179,157.6
2013.7945205479452,168.3
2013.7972602739726,183.1
2013.8,186.1
2013.8027397260273,192.8
2013.805479452055,203.0
2013.8082191780823,228.0
2013.8109589041096,207.0
2013.813698630137,197.9
2013.8164383561643,188.6
2013.8191780821917,206.9
2013.8219178082193,206.9
2013.8246575342466,216.0
2013.827397260274,208.0
2013.8301369863013,211.2
2013.8328767123287,213.4
2013.835616438356,211.7
2013.8383561643836,224.0
2013.841095890411,238.2
2013.8438356164384,251.3
2013.8465753424657,264.1
2013.849315068493,309.6
2013.8520547945207,355.0
2013.854794520548,367.8
2013.8575342465754,336.3
2013.8602739726027,363.0
2013.86301369863,380.0
2013.8657534246574,434.9
2013.868493150685,433.4
2013.8712328767124,433.9
2013.8739726027397,462.0
2013.876712328767,528.3
2013.8794520547945,785.4
2013.8821917808218,645.7
2013.8849315068494,638.0
2013.8876712328768,764.9
2013.890410958904,802.0
2013.8931506849315,832.5
2013.8958904109588,795.0
2013.8986301369864,830.0
2013.9013698630138,970.0
2013.9041095890411,1079.9
2013.9068493150685,1101.4
2013.9095890410958,1206.9
2013.9123287671232,1205.7
2013.9150684931508,1004.4
2013.9178082191781,1096.6
2013.9205479452055,1154.9
2013.9232876712329,1237.6
2013.9260273972602,1106.3
2013.9287671232876,845.0
2013.9315068493152,697.0
2013.9342465753425,804.0
2013.9369863013699,919.0
2013.9397260273972,1033.7
2013.9424657534246,919.9
2013.945205479452,900.0
2013.9479452054795,936.8
2013.9506849315069,908.9
2013.9534246575342,919.9
2013.9561643835616,759.9
2013.958904109589,715.0
2013.9616438356165,541.0
2013.964383561644,732.0
2013.9671232876713,650.0
2013.9698630136986,640.5
2013.972602739726,639.5
2013.9753424657533,713.2
2013.978082191781,702.8
2013.9808219178083,707.3
2013.9835616438356,802.0
2013.986301369863,803.0
2013.9890410958903,762.0
2013.9917808219177,785.0
2013.9945205479453,804.8
2013.9972602739726,805.9
2014.0,815.9
2014.0027397260274,856.9
2014.0054794520547,884.3
2014.0082191780823,924.7
2014.0109589041097,1014.7
2014.013698630137,1012.7
2014.0164383561644,879.9
2014.0191780821917,938.8
2014.021917808219,937.0
2014.0246575342467,957.8
2014.027397260274,1005.3
2014.0301369863014,939.8
2014.0328767123287,922.9
2014.035616438356,919.3
2014.0383561643835,941.2
2014.041095890411,913.5
2014.0438356164384,894.2
2014.0465753424658,905.7
2014.0493150684931,954.8
2014.0520547945205,956.0
2014.054794520548,962.2
2014.0575342465754,951.0
2014.0602739726028,944.2
2014.0630136986301,916.5
2014.0657534246575,961.0
2014.0684931506848,1007.0
2014.0712328767124,943.5
2014.0739726027398,932.7
2014.0767123287671,925.7
2014.0794520547945,941.4
2014.0821917808219,938.8
2014.0849315068492,940.4
2014.0876712328768,953.3
2014.0904109589042,931.7
2014.0931506849315,926.6
2014.0958904109589,904.5
2014.0986301369862,828.9
2014.1013698630136,695.7
2014.1041095890412,648.8
2014.1068493150685,659.6
2014.109589041096,582.6
2014.1123287671232,579.0
2014.1150684931506,531.1
2014.1178082191782,451.4
2014.1205479452055,427.7
2014.123287671233,371.1
2014.1260273972603,299.8
2014.1287671232876,272.3
2014.131506849315,294.0
2014.1342465753426,261.5
2014.13698630137,111.9
2014.1397260273973,111.6
2014.1424657534246,255.6
2014.145205479452,310.2
2014.1479452054793,174.0
2014.150684931507,135.8
2014.1534246575343,593.1
2014.1561643835616,596.5
2014.158904109589,573.9
2014.1616438356164,557.4
2014.164383561644,544.6
2014.1671232876713,662.2
2014.1698630136987,661.8
2014.172602739726,658.3
2014.1753424657534,648.3
2014.1780821917807,616.7
2014.1808219178083,609.2
2014.1835616438357,627.0
2014.186301369863,613.0
2014.1890410958904,608.7
2014.1917808219177,619.4
2014.194520547945,625.0
2014.1972602739727,614.0
2014.2,624.0
2014.2027397260274,619.1
2014.2054794520548,606.4
2014.2082191780821,598.9
2014.2109589041097,595.0
2014.213698630137,566.0
2014.2164383561644,549.6
2014.2191780821918,564.3
2014.2219178082191,551.2
2014.2246575342465,567.6
2014.227397260274,562.9
2014.2301369863014,562.5
2014.2328767123288,460.5
2014.2356164383561,482.6
2014.2383561643835,477.1
2014.2410958904109,446.9
2014.2438356164384,444.7
2014.2465753424658,463.5
2014.2493150684932,424.4
2014.2520547945205,436.3
2014.2547945205479,444.4
2014.2575342465752,456.6
2014.2602739726028,455.7
2014.2630136986302,462.4
2014.2657534246575,466.6
2014.268493150685,457.3
2014.2712328767122,384.6
2014.2739726027398,435.1
2014.2767123287672,437.6
2014.2794520547945,427.6
2014.282191780822,478.4
2014.2849315068493,526.4
2014.2876712328766,537.0
2014.2904109589042,502.0
2014.2931506849316,485.5
2014.295890410959,506.0
2014.2986301369863,498.5
2014.3013698630136,495.2
2014.304109589041,487.9
2014.3068493150686,487.3
2014.309589041096,500.3
2014.3123287671233,464.5
2014.3150684931506,457.9
2014.3179223744291,443.2
2014.3206621004567,441.9
2014.323401826484,446.1
2014.3261415525114,445.6
2014.3288812785388,460.1
2014.3316210045662,453.7
2014.3343607305935,438.6
2014.337100456621,436.0
2014.3398401826485,430.9
2014.3425799086758,432.2
2014.3453196347032,446.5
2014.3480593607305,441.1
2014.350799086758,445.5
2014.3535388127855,451.9
2014.3562785388128,433.2
2014.3590182648402,438.2
2014.3617579908675,433.9
2014.364497716895,442.6
2014.3672374429225,448.1
2014.3699771689498,453.6
2014.3727168949772,452.8
2014.3754566210046,450.1
2014.378196347032,443.9
2014.3809360730593,484.6
2014.3836757990869,488.8
2014.3864155251142,515.4
2014.3891552511416,518.1
2014.391894977169,520.5
2014.3946347031963,570.4
2014.3973744292236,582.0
2014.4001141552512,570.1
2014.4028538812786,570.8
2014.405593607306,564.4
2014.4083333333333,612.3
2014.4110730593607,627.9
2014.413812785388,649.8
2014.4165525114156,655.5
2014.419292237443,669.4
2014.4220319634703,638.9
2014.4247716894977,660.2
2014.427511415525,650.4
2014.4302511415526,651.7
2014.43299086758,651.0
2014.4357305936073,644.3
2014.4384703196347,655.6
2014.441210045662,643.0
2014.4439497716894,597.1
2014.446689497717,610.3
2014.4494292237443,583.4
2014.4521689497717,582.3
2014.454908675799,599.1
2014.4576484018264,605.1
2014.4603881278538,606.2
2014.4631278538814,600.2
2014.4658675799087,590.8
2014.468607305936,597.0
2014.4713470319634,603.6
2014.4740867579908,591.2
2014.4768264840184,588.8
2014.4795662100457,568.5
2014.482305936073,582.7
2014.4850456621004,602.2
2014.4877853881278,597.6
2014.4905251141552,601.1
2014.4932648401827,635.1
2014.49600456621,643.2
2014.4987442922375,645.7
2014.5014840182648,638.0
2014.5042237442922,624.0
2014.5069634703195,623.0
2014.5097031963471,626.7
2014.5124429223745,613.6
2014.5151826484018,615.3
2014.5179223744292,623.0
2014.5206621004565,618.4
2014.523401826484,632.9
2014.5261415525115,635.9
2014.5288812785388,628.0
2014.5316210045662,618.3
2014.5343607305936,619.6
2014.537100456621,614.8
2014.5398401826485,626.6
2014.5425799086759,627.5
2014.5453196347032,627.0
2014.5480593607306,621.0
2014.550799086758,625.1
2014.5535388127853,622.5
2014.5562785388129,621.7
2014.5590182648402,601.9
2014.5617579908676,600.5
2014.564497716895,596.0
2014.5672374429223,595.0
2014.5699771689497,587.9
2014.5727168949772,585.8
2014.5754566210046,564.6
2014.578196347032,589.5
2014.5809360730593,598.8
2014.5836757990867,591.7
2014.5864155251143,588.9
2014.5891552511416,592.8
2014.591894977169,588.8
2014.5946347031963,589.8
2014.5973744292237,592.8
2014.600114155251,595.8
2014.6028538812786,589.5
2014.605593607306,592.1
2014.6083333333333,575.9
2014.6110730593607,567.7
2014.613812785388,542.1
2014.6165525114154,504.8
2014.619292237443,496.5
2014.6220319634704,522.0
2014.6247716894977,485.5
2014.627511415525,462.2
2014.6302511415524,485.1
2014.63299086758,516.8
2014.6357305936074,517.9
2014.6384703196347,516.1
2014.641210045662,497.7
2014.6439497716894,509.7
2014.6466894977168,502.9
2014.6494292237444,512.6
2014.6521689497717,515.2
2014.654908675799,510.8
2014.6576484018265,512.6
2014.6603881278538,506.0
2014.6631278538812,481.8
2014.6658675799088,477.2
2014.6686073059361,478.9
2014.6713470319635,480.0
2014.6740867579908,491.0
2014.6768264840182,483.6
2014.6795662100456,484.5
2014.6823059360731,485.8
2014.6849315068494,475.7
2014.6876712328767,474.9
2014.690410958904,479.7
2014.6931506849314,478.5
2014.695890410959,477.7
2014.6986301369864,478.2
2014.7013698630137,477.7
2014.704109589041,477.7
2014.7068493150684,466.8
2014.7095890410958,461.1
2014.7123287671234,424.3
2014.7150684931507,397.7
2014.717808219178,411.5
2014.7205479452055,401.6
2014.7232876712328,404.1
2014.7260273972602,436.9
2014.7287671232878,423.8
2014.731506849315,412.3
2014.7342465753425,404.5
2014.7369863013698,399.0
2014.7397260273972,379.1
2014.7424657534248,376.8
2014.7452054794521,388.2
2014.7479452054795,382.8
2014.7506849315068,375.1
2014.7534246575342,363.5
2014.7561643835616,335.3
2014.7589041095891,322.9
2014.7616438356165,331.5
2014.7643835616439,331.6
2014.7671232876712,350.9
2014.7698630136986,360.9
2014.772602739726,361.7
2014.7753424657535,361.2
2014.7780821917809,373.2
2014.7808219178082,387.3
2014.7835616438356,397.1
2014.786301369863,393.2
2014.7890410958903,379.8
2014.7917808219179,380.5
2014.7945205479452,390.9
2014.7972602739726,387.3
2014.8,380.4
2014.8027397260273,382.4
2014.805479452055,378.9
2014.8082191780823,355.8
2014.8109589041096,355.1
2014.813698630137,346.7
2014.8164383561643,348.7
2014.8191780821917,350.1
2014.8219178082193,351.1
2014.8246575342466,335.1
2014.827397260274,344.9
2014.8301369863013,337.9
2014.8328767123287,325.4
2014.835616438356,322.5
2014.8383561643836,324.2
2014.841095890411,328.0
2014.8438356164384,338.0
2014.8465753424657,347.7
2014.849315068493,341.9
2014.8520547945207,343.5
2014.854794520548,362.0
2014.8575342465754,367.1
2014.8602739726027,365.4
2014.86301369863,432.0
2014.8657534246574,428.7
2014.868493150685,396.5
2014.8712328767124,374.9
2014.8739726027397,385.6
2014.876712328767,384.7
2014.8794520547945,379.2
2014.8821917808218,381.4
2014.8849315068494,357.3
2014.8876712328768,351.8
2014.890410958904,352.0
2014.8931506849315,365.9
2014.8958904109588,378.9
2014.8986301369864,376.4
2014.9013698630138,365.4
2014.9041095890411,368.8
2014.9068493150685,377.6
2014.9095890410958,376.3
2014.9123287671232,374.9
2014.9150684931508,378.6
2014.9178082191781,380.6
2014.9205479452055,377.0
2014.9232876712329,369.8
2014.9260273972602,377.6
2014.9287671232876,376.3
2014.9315068493152,376.5
2014.9342465753425,365.0
2014.9369863013699,352.2
2014.9397260273972,347.9
2014.9424657534246,347.7
2014.945205479452,353.4
2014.9479452054795,348.2
2014.9506849315069,349.4
2014.9534246575342,345.4
2014.9561643835616,330.2
2014.958904109589,320.0
2014.9616438356165,310.3
2014.964383561644,317.8
2014.9671232876713,330.4
2014.9698630136986,322.6
2014.972602739726,330.8
2014.9753424657533,335.3
2014.978082191781,322.4
2014.9808219178083,319.0
2014.9835616438356,330.0
2014.986301369863,315.3
2014.9890410958903,316.5
2014.9917808219177,314.1
2014.9945205479453,311.3
2014.9972602739726,318.2
2015.0,314.9
2015.0027397260274,315.2
2015.0054794520547,287.1
2015.0082191780823,264.7
2015.0109589041097,274.8
2015.013698630137,282.3
2015.0164383561644,291.3
2015.0191780821917,282.7
2015.021917808219,288.0
2015.0246575342467,273.4
2015.027397260274,264.8
2015.0301369863014,269.3
2015.0328767123287,221.3
2015.035616438356,164.9
2015.0383561643835,209.8
2015.041095890411,206.9
2015.0438356164384,199.6
2015.0465753424658,210.6
2015.0493150684931,215.9
2015.0520547945205,210.6
2015.054794520548,228.2
2015.0575342465754,232.7
2015.0602739726028,232.2
2015.0630136986301,248.2
2015.0657534246575,252.1
2015.0684931506848,269.2
2015.0712328767124,263.3
2015.0739726027398,236.2
2015.0767123287671,234.0
2015.0794520547945,231.8
2015.0821917808219,218.5
2015.0849315068492,225.3
2015.0876712328768,238.9
2015.0904109589042,227.4
2015.0931506849315,226.6
2015.0958904109589,216.5
2015.0986301369862,223.0
2015.1013698630136,227.7
2015.1041095890412,223.7
2015.1068493150685,220.3
2015.109589041096,219.7
2015.1123287671232,218.8
2015.1150684931506,221.8
2015.1178082191782,236.2
2015.1205479452055,258.6
2015.123287671233,233.3
2015.1260273972603,235.8
2015.1287671232876,243.2
2015.131506849315,235.2
2015.1342465753426,241.9
2015.13698630137,244.5
2015.1397260273973,244.4
2015.1424657534246,235.7
2015.145205479452,238.8
2015.1479452054793,238.9
2015.150684931507,237.3
2015.1534246575343,236.5
2015.1561643835616,253.5
2015.158904109589,254.1
2015.1616438356164,257.9
2015.164383561644,273.8
2015.1671232876713,280.6
2015.1698630136987,271.9
2015.172602739726,275.2
2015.1753424657534,272.6
2015.1780821917807,274.9
2015.1808219178083,274.5
2015.1835616438357,290.0
2015.186301369863,291.4
2015.1890410958904,295.6
2015.1917808219177,293.9
2015.194520547945,287.2
2015.1972602739727,281.6
2015.2,284.9
2015.2027397260274,290.4
2015.2054794520548,285.4
2015.2082191780821,255.9
2015.2109589041097,260.9
2015.213698630137,261.8
2015.2164383561644,259.7
2015.2191780821918,268.6
2015.2219178082191,265.5
2015.2246575342465,246.7
2015.227397260274,246.4
2015.2301369863014,248.0
2015.2328767123288,247.2
2015.2356164383561,252.0
2015.2383561643835,242.1
2015.2410958904109,246.8
2015.2438356164384,244.1
2015.2465753424658,246.2
2015.2493150684932,252.6
2015.2520547945205,254.5
2015.2547945205479,252.9
2015.2575342465752,259.6
2015.2602739726028,255.0
2015.2630136986302,253.0
2015.2657534246575,244.6
2015.268493150685,243.3
2015.2712328767122,234.7
2015.2739726027398,236.5
2015.2767123287672,235.9
2015.2794520547945,223.6
2015.282191780822,218.0
2015.2849315068493,223.0
2015.2876712328766,228.0
2015.2904109589042,222.6
2015.2931506849316,223.4
2015.295890410959,223.0
2015.2986301369863,224.2
2015.3013698630136,233.7
2015.304109589041,233.8
2015.3068493150686,235.4
2015.309589041096,231.1
2015.3123287671233,226.1
2015.3150684931506,218.7
2015.317808219178,229.0
2015.3205479452056,225.8
2015.323287671233,225.4
2015.3260273972603,235.8
2015.3287671232877,233.2
2015.331506849315,235.3
2015.3342465753424,240.0
2015.33698630137,239.0
2015.3397260273973,235.8
2015.3424657534247,230.0
2015.345205479452,237.7
2015.3479452054794,243.7
2015.3506849315067,241.4
2015.3534246575343,240.0
2015.3561643835617,241.8
2015.358904109589,241.6
2015.3616438356164,236.4
2015.3643835616438,236.9
2015.3671232876711,237.2
2015.3698630136987,236.2
2015.372602739726,236.3
2015.3753424657534,232.6
2015.3780821917808,232.0
2015.3808219178081,234.0
2015.3835616438357,235.4
2015.386301369863,240.4
2015.3890410958904,238.9
2015.3917808219178,241.0
2015.3945205479451,237.4
2015.3972602739725,237.8
2015.4,237.3
2015.4027397260274,237.3
2015.4054794520548,237.0
2015.4082191780822,233.2
2015.4109589041095,229.8
2015.4136986301369,223.1
2015.4164383561645,225.7
2015.4191780821918,225.6
2015.4219178082192,224.2
2015.4246575342465,225.3
2015.427397260274,224.7
2015.4301369863015,223.5
2015.4328767123288,228.6
2015.4356164383562,229.6
2015.4383561643835,228.8
2015.441095890411,229.9
2015.4438356164383,230.5
2015.4465753424658,232.5
2015.4493150684932,233.8
2015.4520547945206,237.0
2015.454794520548,249.8
2015.4575342465753,247.4
2015.4602739726026,248.4
2015.4630136986302,244.1
2015.4657534246576,245.0
2015.468493150685,244.1
2015.4712328767123,247.5
2015.4739726027397,243.8
2015.4767123287672,240.6
2015.4794520547946,242.6
2015.482191780822,242.9
2015.4849315068493,250.7
2015.4876712328767,248.9
2015.490410958904,257.0
2015.4931506849316,264.1
2015.495890410959,257.6
2015.4986301369863,254.9
2015.5013698630137,255.4
2015.504109589041,260.5
2015.5068493150684,270.1
2015.509589041096,269.1
2015.5123287671233,266.2
2015.5150684931507,268.6
2015.517808219178,269.1
2015.5205479452054,283.6
2015.5232876712328,292.0
2015.5260273972603,310.4
2015.5287671232877,290.4
2015.531506849315,287.0
2015.5342465753424,283.4
2015.5369863013698,276.6
2015.5397260273974,279.6
2015.5424657534247,274.0
2015.545205479452,273.2
2015.5479452054794,277.7
2015.5506849315068,275.1
2015.5534246575342,276.5
2015.5561643835617,275.5
2015.558904109589,288.4
2015.5616438356165,288.7
2015.5643835616438,291.8
2015.5671232876712,293.0
2015.5698630136985,293.7
2015.572602739726,288.4
2015.5753424657535,287.0
2015.5780821917808,283.7
2015.5808219178082,280.5
2015.5835616438355,281.4
2015.5863013698631,281.6
2015.5890410958905,284.3
2015.5917808219178,281.7
2015.5945205479452,278.0
2015.5972602739726,277.9
2015.6,258.6
2015.6027397260275,263.9
2015.6054794520549,263.3
2015.6082191780822,269.0
2015.6109589041096,267.7
2015.613698630137,263.4
2015.6164383561643,265.0
2015.6191780821919,260.5
2015.6219178082192,257.1
2015.6246575342466,257.1
2015.627397260274,246.7
2015.6301369863013,226.0
2015.6328767123289,234.7
2015.6356164383562,232.4
2015.6383561643836,229.5
2015.641095890411,226.8
2015.6438356164383,211.4
2015.6465753424657,220.5
2015.6493150684933,225.0
2015.6520547945206,222.7
2015.654794520548,231.6
2015.6575342465753,228.5
2015.6602739726027,228.4
2015.66301369863,229.5
2015.6657534246576,227.2
2015.668493150685,228.6
2015.6712328767123,226.2
2015.6739726027397,230.3
2015.676712328767,233.7
2015.6794520547944,239.9
2015.682191780822,239.6
2015.6849315068494,243.2
2015.6876712328767,237.4
2015.690410958904,238.1
2015.6931506849314,239.9
2015.695890410959,235.6
2015.6986301369864,230.2
2015.7013698630137,229.9
2015.704109589041,229.5
2015.7068493150684,228.6
2015.7095890410958,232.7
2015.7123287671234,232.2
2015.7150684931507,231.1
2015.717808219178,231.1
2015.7205479452055,226.3
2015.7232876712328,230.0
2015.7260273972602,229.9
2015.7287671232878,233.8
2015.731506849315,235.0
2015.7342465753425,234.3
2015.7369863013698,232.5
2015.7397260273972,238.9
2015.7424657534248,236.7
2015.7452054794521,235.9
2015.7479452054795,237.1
2015.7506849315068,236.7
2015.7534246575342,238.6
2015.7561643835616,238.3
2015.7589041095891,240.1
2015.7616438356165,246.1
2015.7643835616439,243.0
2015.7671232876712,242.6
2015.7698630136986,244.0
2015.772602739726,245.4
2015.7753424657535,247.6
2015.7780821917809,245.4
2015.7808219178082,248.8
2015.7835616438356,252.3
2015.786301369863,254.4
2015.7890410958903,262.9
2015.7917808219179,269.6
2015.7945205479452,261.7
2015.7972602739726,263.8
2015.8,269.8
2015.8027397260273,267.1
2015.805479452055,274.4
2015.8082191780823,276.9
2015.8109589041096,282.6
2015.813698630137,287.9
2015.8164383561643,285.1
2015.8191780821917,294.7
2015.8219178082193,303.5
2015.8246575342466,313.6
2015.827397260274,327.1
2015.8301369863013,311.2
2015.8328767123287,323.0
2015.835616438356,359.3
2015.8383561643836,396.5
2015.841095890411,400.9
2015.8438356164384,382.7
2015.8465753424657,369.8
2015.849315068493,385.1
2015.8520547945207,371.6
2015.854794520548,380.2
2015.8575342465754,336.7
2015.8602739726027,304.7
2015.86301369863,333.9
2015.8657534246574,333.8
2015.868493150685,331.8
2015.8712328767124,317.5
2015.8739726027397,330.2
2015.876712328767,333.9
2015.8794520547945,335.9
2015.8821917808218,325.0
2015.8849315068494,321.1
2015.8876712328768,324.7
2015.890410958904,322.8
2015.8931506849315,322.1
2015.8958904109588,318.4
2015.8986301369864,327.5
2015.9013698630138,353.7
2015.9041095890411,359.5
2015.9068493150685,355.8
2015.9095890410958,370.8
2015.9123287671232,378.0
2015.9150684931508,361.8
2015.9178082191781,360.0
2015.9205479452055,360.3
2015.9232876712329,361.7
2015.9260273972602,386.7
2015.9287671232876,393.4
2015.9315068493152,394.3
2015.9342465753425,410.7
2015.9369863013699,416.0
2015.9397260273972,415.5
2015.9424657534246,449.8
2015.945205479452,432.3
2015.9479452054795,434.7
2015.9506849315069,442.0
2015.9534246575342,462.6
2015.9561643835616,454.0
2015.958904109589,455.5
2015.9616438356165,463.2
2015.964383561644,461.2
2015.9671232876713,441.8
2015.9698630136986,437.6
2015.972602739726,437.0
2015.9753424657533,442.4
2015.978082191781,453.0
2015.9808219178083,454.0
2015.9835616438356,415.4
2015.986301369863,422.4
2015.9890410958903,421.8
2015.9917808219177,431.9
2015.9945205479453,427.1
2015.9972602739726,430.0
2016.0,434.0
2016.0027322404371,433.7
2016.0054644808743,430.7
2016.0081967213114,433.3
2016.0109289617487,431.2
2016.0136612021859,430.8
2016.016393442623,457.0
2016.01912568306,452.9
2016.0218579234972,448.3
2016.0245901639344,446.2
2016.0273224043715,447.7
2016.0300546448088,445.0
2016.032786885246,432.2
2016.035519125683,429.1
2016.0382513661202,372.3
2016.0409836065573,385.0
2016.0437158469945,382.5
2016.0464480874316,384.4
2016.049180327869,379.5
2016.051912568306,414.6
2016.0546448087432,410.2
2016.0573770491803,382.6
2016.0601092896175,388.6
2016.0628415300546,402.1
2016.0655737704917,392.8
2016.068306010929,389.8
2016.0710382513662,395.0
2016.0737704918033,379.7
2016.0765027322404,380.3
2016.0792349726776,377.8
2016.0819672131147,369.8
2016.0846994535518,372.2
2016.0874316939892,373.9
2016.0901639344263,368.0
2016.0928961748634,390.6
2016.0956284153006,386.5
2016.0983606557377,376.7
2016.1010928961748,377.9
2016.103825136612,372.6
2016.1065573770493,375.3
2016.1092896174864,381.9
2016.1120218579235,379.5
2016.1147540983607,384.0
2016.1174863387978,390.1
2016.120218579235,405.5
2016.122950819672,401.1
2016.1256830601094,406.4
2016.1284153005465,417.1
2016.1311475409836,421.4
2016.1338797814208,420.0
2016.136612021858,440.1
2016.139344262295,437.9
2016.1420765027322,437.8
2016.1448087431695,419.9
2016.1475409836066,422.7
2016.1502732240438,423.5
2016.1530054644809,427.3
2016.155737704918,431.3
2016.1584699453551,432.5
2016.1612021857923,436.2
2016.1639344262296,434.0
2016.1666666666667,425.4
2016.1693989071039,419.6
2016.172131147541,409.5
2016.1748633879781,399.0
2016.1775956284152,406.0
2016.1803278688524,414.9
2016.1830601092897,411.9
2016.1857923497269,412.8
2016.188524590164,415.8
2016.191256830601,419.1
2016.1939890710382,410.4
2016.1967213114754,412.4
2016.1994535519125,414.3
2016.2021857923498,415.1
2016.204918032787,415.9
2016.207650273224,418.2
2016.2103825136612,408.2
2016.2131147540983,408.7
2016.2158469945355,411.5
2016.2185792349726,411.1
2016.22131147541,416.2
2016.224043715847,417.0
2016.2267759562842,414.7
2016.2295081967213,415.7
2016.2322404371585,416.5
2016.2349726775956,424.6
2016.2377049180327,422.2
2016.24043715847,415.0
2016.2431693989072,412.4
2016.2459016393443,415.7
2016.2486338797814,415.6
2016.2513661202186,418.5
2016.2540983606557,419.1
2016.2568306010928,419.3
2016.25956284153,422.1
2016.2622950819673,421.3
2016.2650273224044,420.1
2016.2677595628415,417.7
2016.2704918032787,418.0
2016.2732240437158,420.3
2016.275956284153,421.4
2016.27868852459,424.7
2016.2814207650274,423.5
2016.2841530054645,424.0
2016.2868852459017,428.7
2016.2896174863388,430.0
2016.292349726776,426.3
2016.295081967213,427.7
2016.2978142076502,434.9
2016.3005464480875,441.2
2016.3032786885246,449.3
2016.3060109289618,445.3
2016.308743169399,450.1
2016.311475409836,457.6
2016.3142076502731,461.7
2016.3169398907103,466.0
2016.3196721311476,447.0
2016.3224043715848,448.5
2016.3251366120219,455.0
2016.327868852459,448.5
2016.3306010928961,452.2
2016.3333333333333,444.2
2016.3360655737704,450.3
2016.3387978142077,445.8
2016.3415300546449,448.1
2016.344262295082,459.6
2016.3469945355191,458.5
2016.3497267759562,457.9
2016.3524590163934,460.4
2016.3551912568305,449.4
2016.3579234972678,452.5
2016.360655737705,454.4
2016.363387978142,455.4
2016.3661202185792,456.4
2016.3689663023679,458.1
2016.371698542805,454.9
2016.3744307832424,453.3
2016.3771630236795,454.2
2016.3798952641166,442.7
2016.3826275045537,442.1
2016.3853597449909,443.6
2016.388091985428,439.6
2016.3908242258651,443.7
2016.3935564663025,446.1
2016.3962887067396,449.8
2016.3990209471767,453.3
2016.4017531876138,474.0
2016.404485428051,524.2
2016.407217668488,516.0
2016.4099499089252,532.3
2016.4126821493626,528.9
2016.4154143897997,537.4
2016.4181466302368,537.1
2016.420878870674,567.0
2016.423611111111,572.0
2016.4263433515482,574.9
2016.4290755919853,583.6
2016.4318078324227,575.6
2016.4345400728598,580.5
2016.437272313297,574.7
2016.440004553734,577.9
2016.4427367941712,591.6
2016.4454690346083,666.5
2016.4482012750454,700.1
2016.4509335154828,685.1
2016.45366575592,690.8
2016.456397996357,761.2
2016.4591302367942,743.9
2016.4618624772313,753.8
2016.4645947176684,761.0
2016.4673269581056,734.0
2016.470059198543,667.4
2016.47279143898,590.6
2016.4755236794172,620.8
2016.4782559198543,656.9
2016.4809881602914,663.5
2016.4837204007285,625.4
2016.4864526411657,644.7
2016.489184881603,644.9
2016.4919171220401,636.5
2016.4946493624773,670.0
2016.4973816029144,674.6
2016.5001138433515,698.1
2016.5028460837887,661.6
2016.5055783242258,675.2
2016.5083105646631,663.7
2016.5110428051003,672.7
2016.5137750455374,635.3
2016.5165072859745,662.8
2016.5192395264116,651.8
2016.5219717668488,647.1
2016.524704007286,646.7
2016.5274362477232,670.6
2016.5301684881604,661.2
2016.5329007285975,657.3
2016.5356329690346,664.2
2016.5383652094717,660.7
2016.5410974499089,676.3
2016.543829690346,670.4
2016.5465619307834,671.1
2016.5492941712205,664.4
2016.5520264116576,664.6
2016.5547586520947,651.1
2016.5574908925319,655.2
2016.560223132969,659.3
2016.562955373406,654.0
2016.5656876138432,654.4
2016.5684198542806,654.5
2016.5711520947177,654.1
2016.5738843351548,655.4
2016.576616575592,654.7
2016.579348816029,621.9
2016.5820810564662,607.0
2016.5848132969033,513.4
2016.5875455373407,566.4
2016.5902777777778,576.2
2016.593010018215,574.7
2016.595742258652,586.5
2016.5984744990892,590.8
2016.6012067395263,589.2
2016.6039389799635,585.3
2016.6066712204008,590.9
2016.609403460838,587.8
2016.612135701275,587.1
2016.6148679417122,584.6
2016.6176001821493,569.1
2016.620218579235,567.0
2016.622950819672,580.2
2016.6256830601094,572.3
2016.6284153005465,573.4
2016.6311475409836,574.6
2016.6338797814208,582.6
2016.636612021858,580.7
2016.639344262295,587.5
2016.6420765027322,583.6
2016.6448087431695,579.7
2016.6475409836066,578.0
2016.6502732240438,579.4
2016.6530054644809,570.3
2016.655737704918,575.0
2016.6584699453551,574.2
2016.6612021857923,577.3
2016.6639344262296,573.9
2016.6666666666667,572.0
2016.6693989071039,575.3
2016.672131147541,598.8
2016.6748633879781,609.5
2016.6775956284152,605.8
2016.6803278688524,610.4
2016.6830601092897,613.2
2016.6857923497269,625.6
2016.688524590164,623.2
2016.691256830601,624.5
2016.6939890710382,605.6
2016.6967213114754,608.0
2016.6994535519125,608.6
2016.7021857923498,609.5
2016.704918032787,608.1
2016.707650273224,607.8
2016.7103825136612,607.1
2016.7131147540983,610.7
2016.7158469945355,609.8
2016.7185792349726,609.2
2016.72131147541,597.2
2016.724043715847,595.6
2016.7267759562842,602.9
2016.7295081967213,602.6
2016.7322404371585,601.5
2016.7349726775956,606.5
2016.7377049180327,605.5
2016.74043715847,604.7
2016.7431693989072,604.7
2016.7459016393443,608.1
2016.7486338797814,613.4
2016.7513661202186,610.7
2016.7540983606557,611.6
2016.7568306010928,609.0
2016.75956284153,611.8
2016.7622950819673,611.0
2016.7650273224044,616.0
2016.7677595628415,617.7
2016.7704918032787,615.8
2016.7732240437158,617.3
2016.775956284153,640.5
2016.77868852459,636.0
2016.7814207650274,635.6
2016.7841530054645,637.9
2016.7868852459017,637.0
2016.7896174863388,640.1
2016.792349726776,637.4
2016.795081967213,635.3
2016.7978142076502,629.1
2016.8005464480875,628.3
2016.8032786885246,630.5
2016.8060109289618,655.5
2016.808743169399,653.0
2016.811475409836,650.5
2016.8142076502731,651.0
2016.8169398907103,674.7
2016.8196721311476,682.3
2016.8224043715848,686.2
2016.8251366120219,715.0
2016.827868852459,697.3
2016.8306010928961,698.7
2016.8333333333333,726.8
2016.8360655737704,733.5
2016.8387978142077,684.9
2016.8415300546449,702.1
2016.844262295082,702.1
2016.8469945355191,709.9
2016.8497267759562,705.4
2016.8524590163934,710.9
2016.8551912568305,721.4
2016.8579234972678,714.6
2016.860655737705,715.0
2016.863387978142,704.3
2016.8661202185792,702.0
2016.8688524590164,704.6
2016.8715846994535,711.1
2016.8743169398906,740.3
2016.877049180328,737.5
2016.879781420765,747.0
2016.8825136612022,747.9
2016.8852459016393,728.5
2016.8879781420765,736.2
2016.8907103825136,749.3
2016.8934426229507,741.1
2016.896174863388,735.3
2016.8989071038252,740.4
2016.9016393442623,734.1
2016.9043715846994,729.4
2016.9071038251366,733.3
2016.9098360655737,732.6
2016.9125683060108,742.5
2016.9153005464482,752.6
2016.9180327868853,770.9
2016.9207650273224,764.2
2016.9234972677596,766.4
2016.9262295081967,754.3
2016.9289617486338,758.2
2016.931693989071,765.6
2016.9344262295083,768.5
2016.9371584699454,770.5
2016.9398907103825,774.0
2016.9426229508197,767.9
2016.9453551912568,778.5
2016.948087431694,778.7
2016.950819672131,776.5
2016.9535519125684,775.2
2016.9562841530055,782.0
2016.9590163934427,787.2
2016.9617486338798,789.0
2016.964480874317,789.8
2016.967213114754,799.1
2016.9699453551912,829.2
2016.9726775956285,860.2
2016.9754098360656,917.2
2016.9781420765028,891.1
2016.98087431694,891.1
2016.983606557377,898.4
2016.9863387978141,925.8
2016.9890710382513,972.2
2016.9918032786886,971.1
2016.9945355191257,959.0
2016.9972677595629,963.4
2017.0,995.4
2017.0027397260274,1017.0
2017.0054794520547,1033.3
2017.0082191780823,1135.4
2017.0109589041097,989.3
2017.013698630137,886.2
2017.0164383561644,888.9
2017.0191780821917,900.9
2017.021917808219,899.8
2017.0246575342467,904.4
2017.027397260274,785.4
2017.0301369863014,810.1
2017.0328767123287,824.8
2017.035616438356,819.6
2017.0383561643835,821.2
2017.041095890411,827.3
2017.0438356164384,899.7
2017.0465753424658,872.0
2017.0493150684931,895.2
2017.0520547945205,892.9
2017.054794520548,919.8
2017.0575342465754,918.8
2017.0602739726028,921.5
2017.0630136986301,893.8
2017.0657534246575,894.4
2017.0684931506848,915.6
2017.0712328767124,918.0
2017.0739726027398,918.5
2017.0767123287671,914.5
2017.0794520547945,920.7
2017.0821917808219,965.5
2017.0849315068492,982.4
2017.0876712328768,1004.0
2017.0904109589042,1013.0
2017.0931506849315,1031.8
2017.0958904109589,1016.1
2017.0986301369862,1024.7
2017.1013698630136,1049.6
2017.1041095890412,1055.5
2017.1068493150685,979.0
2017.109589041096,997.6
2017.1123287671232,1008.3
2017.1150684931506,996.5
2017.1178082191782,995.4
2017.1205479452055,1008.3
2017.123287671233,1008.2
2017.1260273972603,1031.9
2017.1287671232876,1049.4
2017.131506849315,1052.3
2017.1342465753426,1048.9
2017.13698630137,1077.6
2017.1397260273973,1119.0
2017.1424657534246,1120.5
2017.145205479452,1171.9
2017.1479452054793,1176.5
2017.150684931507,1149.1
2017.1534246575343,1171.6
2017.1561643835616,1188.8
2017.158904109589,1189.3
2017.1616438356164,1222.7
2017.164383561644,1255.5
2017.1671232876713,1283.3
2017.1698630136987,1264.3
2017.172602739726,1271.2
2017.1753424657534,1277.0
2017.1780821917807,1232.7
2017.1808219178083,1147.0
2017.1835616438357,1191.3
2017.186301369863,1112.4
2017.1890410958904,1179.2
2017.1917808219177,1225.1
2017.194520547945,1238.2
2017.1972602739727,1243.1
2017.2,1253.4
2017.2027397260274,1172.9
2017.2054794520548,1071.7
2017.2082191780821,971.4
2017.2109589041097,1022.6
2017.213698630137,1047.5
2017.2164383561644,1121.3
2017.2191780821918,1044.7
2017.2219178082191,1035.0
2017.2246575342465,939.7
2017.227397260274,966.3
2017.2301369863014,969.4
2017.2328767123288,1045.1
2017.2356164383561,1044.4
2017.2383561643835,1041.9
2017.2410958904109,1037.9
2017.2438356164384,1079.1
2017.2465753424658,1086.1
2017.2493150684932,1097.4
2017.2520547945205,1147.6
2017.2547945205479,1141.8
2017.2575342465752,1129.9
2017.2602739726028,1188.7
2017.2630136986302,1190.5
2017.2657534246575,1180.8
2017.268493150685,1204.3
2017.2712328767122,1206.7
2017.2739726027398,1220.7
2017.2767123287672,1212.5
2017.2794520547945,1176.2
2017.282191780822,1177.3
2017.2849315068493,1177.0
2017.2876712328766,1176.8
2017.2904109589042,1194.0
2017.2931506849316,1206.1
2017.295890410959,1215.2
2017.2986301369863,1238.1
2017.3013698630136,1249.6
2017.304109589041,1240.9
2017.3068493150686,1249.1
2017.309589041096,1248.2
2017.3123287671233,1264.3
2017.3150684931506,1286.6
2017.317808219178,1332.9
2017.3205479452056,1329.6
2017.323287671233,1336.3
2017.3260273972603,1351.9
2017.3287671232877,1415.8
2017.331506849315,1445.9
2017.3342465753424,1485.6
2017.33698630137,1516.8
2017.3397260273973,1507.8
2017.3424657534247,1545.3
2017.345205479452,1554.4
2017.3479452054794,1664.5
2017.3506849315067,1697.5
2017.3534246575343,1752.3
2017.3561643835617,1819.3
2017.358904109589,1686.4
2017.3616438356164,1763.7
2017.364497716895,1772.6
2017.3672374429225,1708.9
2017.3699771689498,1729.3
2017.3727168949772,1801.3
2017.3754566210046,1881.0
2017.378196347032,1962.0
2017.3809360730593,2040.2
2017.3836757990869,2044.2
2017.3864155251142,2124.4
2017.3891552511416,2272.6
2017.391894977169,2445.3
2017.3946347031963,2307.2
2017.3973744292236,2244.9
2017.4001141552512,2052.4
2017.4028538812786,2189.0
2017.405593607306,2278.2
2017.4083333333333,2192.6
2017.4110730593607,2303.3
2017.413812785388,2412.6
2017.4165525114156,2492.6
2017.419292237443,2545.4
2017.4220319634703,2524.1
2017.4247716894977,2705.0
2017.427511415525,2870.5
2017.4302511415526,2691.5
2017.43299086758,2798.8
2017.4357305936073,2811.4
2017.4384703196347,2900.3
2017.441210045662,2973.4
2017.4439497716894,2656.8
2017.446689497717,2713.0
2017.4494292237443,2467.3
2017.4521689497717,2442.5
2017.454908675799,2508.6
2017.4576484018264,2655.1
2017.4603881278538,2539.6
2017.4631278538814,2616.8
2017.4658675799087,2754.4
2017.468607305936,2677.6
2017.4713470319634,2722.8
2017.4740867579908,2710.4
2017.4768264840184,2590.1
2017.4795662100457,2541.6
2017.482305936073,2446.1
2017.4850456621004,2583.8
2017.4877853881278,2577.7
2017.4905251141552,2558.4
2017.4932648401827,2480.6
2017.49600456621,2424.6
2017.4987442922375,2536.5
2017.5014840182648,2572.5
2017.5042237442922,2617.3
2017.5069634703195,2627.9
2017.5097031963471,2614.2
2017.5124429223745,2513.9
2017.5151826484018,2564.9
2017.5179223744292,2511.4
2017.5206621004565,2344.0
2017.523401826484,2324.3
2017.5261415525115,2403.1
2017.5288812785388,2362.4
2017.5316210045662,2234.2
2017.5343607305936,1975.1
2017.537100456621,1914.1
2017.5398401826485,2233.4
2017.5425799086759,2320.2
2017.5453196347032,2282.6
2017.5480593607306,2866.0
2017.550799086758,2675.1
2017.5535388127853,2836.5
2017.5562785388129,2756.6
2017.5590182648402,2763.4
2017.5617579908676,2582.6
2017.564497716895,2559.2
2017.5672374429223,2691.9
2017.5699771689497,2806.8
2017.5727168949772,2733.5
2017.5754566210046,2766.5
2017.578196347032,2883.3
2017.5809360730593,2747.0
2017.5836757990867,2720.5
2017.5864155251143,2810.0
2017.5891552511416,2878.5
2017.591894977169,3262.8
2017.5946347031963,3232.0
2017.5973744292237,3401.9
2017.600114155251,3429.4
2017.6028538812786,3348.8
2017.605593607306,3425.7
2017.6083333333333,3654.4
2017.6110730593607,3871.6
2017.613812785388,4062.6
2017.6164383561643,4327.9
2017.6191780821919,4161.7
2017.6219178082192,4387.4
2017.6246575342466,4278.9
2017.627397260274,4105.4
2017.6301369863013,4150.5
2017.6328767123289,4066.6
2017.6356164383562,4005.1
2017.6383561643836,4089.7
2017.641095890411,4141.1
2017.6438356164383,4318.4
2017.6465753424657,4364.4
2017.6493150684933,4352.3
2017.6520547945206,4345.8
2017.654794520548,4390.3
2017.6575342465753,4597.3
2017.6602739726027,4583.0
2017.66301369863,4735.1
2017.6657534246576,4921.9
2017.668493150685,4573.8
2017.6712328767123,4612.9
2017.6739726027397,4267.5
2017.676712328767,4409.1
2017.6794520547944,4618.7
2017.682191780822,4635.6
2017.6849315068494,4326.5
2017.6876712328767,4335.1
2017.690410958904,4245.9
2017.6931506849314,4217.9
2017.695890410959,4158.9
2017.6986301369864,3870.3
2017.7013698630137,3243.1
2017.704109589041,3713.8
2017.7068493150684,3698.9
2017.7095890410958,3689.6
2017.7123287671234,4100.3
2017.7150684931507,3908.0
2017.717808219178,3882.2
2017.7205479452055,3617.3
2017.7232876712328,3600.8
2017.7260273972602,3788.0
2017.7287671232878,3667.5
2017.731506849315,3932.8
2017.7342465753425,3892.7
2017.7369863013698,4212.2
2017.7397260273972,4195.6
2017.7424657534248,4172.8
2017.7452054794521,4360.6
2017.7479452054795,4403.1
2017.7506849315068,4401.3
2017.7534246575342,4314.2
2017.7561643835616,4218.7
2017.7589041095891,4321.4
2017.7616438356165,4371.9
2017.7643835616439,4435.8
2017.7671232876712,4611.7
2017.7698630136986,4777.5
2017.772602739726,4763.4
2017.7753424657535,4824.2
2017.7780821917809,5432.6
2017.7808219178082,5637.3
2017.7835616438356,5824.7
2017.786301369863,5688.1
2017.7890410958903,5759.3
2017.7917808219179,5598.6
2017.7945205479452,5575.8
2017.7972602739726,5698.6
2017.8,5993.1
2017.8027397260273,6006.6
2017.805479452055,5982.9
2017.8082191780823,5903.6
2017.8109589041096,5513.1
2017.813698630137,5734.0
2017.8164383561643,5887.6
2017.8191780821917,5764.6
2017.8219178082193,5726.6
2017.8246575342466,6147.5
2017.827397260274,6124.3
2017.8301369863013,6451.2
2017.8328767123287,6737.8
2017.835616438356,7024.8
2017.8383561643836,7152.1
2017.841095890411,7363.8
2017.8438356164384,7389.5
2017.8465753424657,6959.2
2017.849315068493,7102.8
2017.8520547945207,7444.4
2017.854794520548,7129.6
2017.8575342465754,6565.8
2017.8602739726027,6339.9
2017.86301369863,5878.1
2017.8657534246574,6522.5
2017.868493150685,6597.1
2017.8712328767124,7283.2
2017.8739726027397,7853.7
2017.876712328767,7700.0
2017.8794520547945,7780.9
2017.8821917808218,8042.6
2017.8849315068494,8244.7
2017.8876712328768,8100.0
2017.890410958904,8234.5
2017.8931506849315,8013.4
2017.8958904109588,8200.8
2017.8986301369864,8754.7
2017.9013698630138,9318.4
2017.9041095890411,9733.2
2017.9068493150685,9906.0
2017.9095890410958,9837.9
2017.9123287671232,9946.8
2017.9150684931508,10861.5
2017.9178082191781,10912.7
2017.9205479452055,11246.2
2017.9232876712329,11623.9
2017.9260273972602,11667.1
2017.9287671232876,13749.6
2017.9315068493152,16850.3
2017.9342465753425,16047.6
2017.9369863013699,14843.4
2017.9397260273972,15059.6
2017.9424657534246,16732.5
2017.945205479452,17083.9
2017.9479452054795,16286.8
2017.9506849315069,16467.9
2017.9534246575342,17604.8
2017.9561643835616,19345.5
2017.958904109589,19065.7
2017.9616438356165,18972.3
2017.964383561644,17523.7
2017.9671232876713,16462.0
2017.9698630136986,15632.1
2017.972602739726,13665.0
2017.9753424657533,14396.5
2017.978082191781,13790.0
2017.9808219178083,13833.5
2017.9835616438356,15756.6
2017.986301369863,15416.6
2017.9890410958903,14398.7
2017.9917808219177,14392.6
2017.9945205479453,12531.5
2017.9972602739726,13850.4
2018.0,13444.9
2018.0027397260274,14754.1
2018.0054794520547,15156.6
2018.0082191780823,15180.1
2018.0109589041097,16954.8
2018.013698630137,17172.3
2018.0164383561644,16228.2
2018.0191780821917,14976.2
2018.021917808219,14778.5
2018.0246575342467,15043.0
2018.027397260274,13535.4
2018.0301369863014,13886.7
2018.0328767123287,14292.2
2018.035616438356,13695.2
2018.0383561643835,13697.5
2018.041095890411,11362.0
2018.0438356164384,11192.3
2018.0465753424658,11245.4
2018.0493150684931,11580.2
2018.0520547945205,12858.9
2018.054794520548,11594.9
2018.0575342465754,10864.8
2018.0602739726028,10903.2
2018.0630136986301,11452.3
2018.0657534246575,11203.0
2018.0684931506848,11118.1
2018.0712328767124,11467.5
2018.0739726027398,11795.1
2018.0767123287671,11244.8
2018.0794520547945,10166.0
2018.0821917808219,10265.4
2018.0849315068492,9181.1
2018.0876712328768,8893.2
2018.0904109589042,9241.1
2018.0931506849315,8222.2
2018.0958904109589,6938.5
2018.0986301369862,7701.2
2018.1013698630136,7594.7
2018.1041095890412,8164.2
2018.1068493150685,8699.8
2018.109589041096,8559.6
2018.1123287671232,8081.9
2018.1150684931506,8903.5
2018.1178082191782,8539.2
2018.1205479452055,9476.3
2018.123287671233,10037.3
2018.1260273972603,10178.7
2018.1287671232876,11073.5
2018.131506849315,10398.8
2018.1342465753426,11169.4
2018.13698630137,11238.7
2018.1397260273973,10473.0
2018.1424657534246,9841.7
2018.145205479452,10170.4
2018.1479452054793,9704.3
2018.150684931507,9585.2
2018.1534246575343,10285.1
2018.1561643835616,10594.4
2018.158904109589,10333.9
2018.1616438356164,10904.5
2018.164383561644,10827.7
2018.1671232876713,11402.3
2018.1698630136987,11416.5
2018.172602739726,11330.6
2018.1753424657534,10675.1
2018.1780821917807,9902.9
2018.1808219178083,9300.0
2018.1835616438357,9217.0
2018.186301369863,8762.0
2018.1890410958904,9529.6
2018.1917808219177,9137.4
2018.194520547945,9154.9
2018.1972602739727,8210.6
2018.2,8264.4
2018.2027397260274,8289.2
2018.2054794520548,7874.9
2018.2082191780821,8201.2
2018.2109589041097,8616.8
2018.213698630137,8912.6
2018.2164383561644,8905.9
2018.2191780821918,8726.2
2018.2219178082191,8916.8
2018.2246575342465,8547.4
2018.227397260274,8473.2
2018.2301369863014,8143.5
2018.2328767123288,7801.7
2018.2356164383561,7954.9
2018.2383561643835,7129.2
2018.2410958904109,6853.7
2018.2438356164384,6938.2
2018.2465753424658,6825.2
2018.2493150684932,7068.4
2018.2520547945205,7424.2
2018.2547945205479,6808.9
2018.2575342465752,6782.0
2018.2602739726028,6624.3
2018.2630136986302,6905.7
2018.2657534246575,7030.5
2018.268493150685,6781.9
2018.2712328767122,6854.8
2018.2739726027398,6962.1
2018.2767123287672,7926.6
2018.2794520547945,7887.4
2018.282191780822,8004.4
2018.2849315068493,8363.6
2018.2876712328766,8070.0
2018.2904109589042,7908.6
2018.2931506849316,8178.4
2018.295890410959,8290.8
2018.2986301369863,8867.0
2018.3013698630136,8923.1
2018.304109589041,8806.7
2018.3068493150686,8952.8
2018.309589041096,9645.3
2018.3123287671233,8873.1
2018.3150684931506,9287.0
2018.317808219178,8940.9
2018.3205479452056,9352.4
2018.323287671233,9415.1
2018.3260273972603,9245.1
2018.3287671232877,9074.9
2018.331506849315,9243.2
2018.3342465753424,9749.7
2018.33698630137,9708.6
2018.3397260273973,9853.5
2018.3424657534247,9656.4
2018.345205479452,9431.6
2018.3479452054794,9196.4
2018.3506849315067,9319.1
2018.3534246575343,9025.7
2018.3561643835617,8408.3
2018.358904109589,8459.5
2018.3617579908675,8693.5
2018.364497716895,8674.1
2018.3672374429225,8477.0
2018.3699771689498,8344.4
2018.3727168949772,8063.0
2018.3754566210046,8245.7
2018.378196347032,8245.1
2018.3809360730593,8529.0
2018.3836757990869,8403.3
2018.3864155251142,8006.0
2018.3891552511416,7512.3
2018.391894977169,7592.9
2018.3946347031963,7477.7
2018.3973744292236,7361.3
2018.4001141552512,7366.7
2018.4028538812786,7119.3
2018.405593607306,7467.7
2018.4083333333333,7400.1
2018.4110730593607,7502.6
2018.413812785388,7530.8
2018.4165525114156,7646.6
2018.419292237443,7729.3
2018.4220319634703,7504.3
2018.4247716894977,7631.5
2018.427511415525,7661.0
2018.4302511415526,7697.8
2018.43299086758,7622.1
2018.4357305936073,7515.8
2018.4384703196347,6775.1
2018.441210045662,6885.9
2018.4439497716894,6558.2
2018.446689497717,6312.3
2018.4494292237443,6647.1
2018.4521689497717,6410.3
2018.454908675799,6505.8
2018.4576484018264,6460.3
2018.4603881278538,6719.8
2018.4631278538814,6752.4
2018.4658675799087,6765.4
2018.468607305936,6728.0
2018.4713470319634,6055.7
2018.4740867579908,6167.3
2018.4768264840184,6154.6
2018.4795662100457,6256.6
2018.482305936073,6082.1
2018.4850456621004,6154.9
2018.4877853881278,5883.5
2018.4905251141552,6213.3
2018.4932648401827,6398.9
2018.49600456621,6366.8
2018.4987442922375,6619.5
2018.5014840182648,6513.5
2018.5042237442922,6598.4
2018.5069634703195,6546.5
2018.5097031963471,6617.7
2018.5124429223745,6765.5
2018.5151826484018,6714.8
2018.5179223744292,6667.1
2018.5206621004565,6307.2
2018.523401826484,6389.1
2018.5261415525115,6250.6
2018.5288812785388,6230.2
2018.5316210045662,6254.8
2018.5343607305936,6362.9
2018.537100456621,6729.9
2018.5398401826485,7322.0
2018.5425799086759,7383.6
2018.5453196347032,7477.5
2018.5480593607306,7339.4
2018.550799086758,7408.7
2018.5535388127853,7412.3
2018.5562785388129,7723.0
2018.5590182648402,8407.0
2018.5617579908676,8173.7
2018.564497716895,7937.0
2018.5672374429223,8187.4
2018.5699771689497,8234.1
2018.5727168949772,8215.6
2018.5754566210046,8177.1
2018.578196347032,7729.4
2018.5809360730593,7606.4
2018.5836757990867,7535.6
2018.5864155251143,7419.0
2018.5891552511416,7014.3
2018.591894977169,7027.1
2018.5946347031963,6943.6
2018.5973744292237,6724.9
2018.600114155251,6283.6
2018.6028538812786,6538.8
2018.605593607306,6152.3
2018.6083333333333,6231.6
2018.6110730593607,6313.0
2018.613698630137,6255.3
2018.6164383561643,6190.2
2018.6191780821919,6256.9
2018.6219178082192,6306.7
2018.6246575342466,6581.7
2018.627397260274,6379.1
2018.6301369863013,6481.5
2018.6328767123289,6268.1
2018.6356164383562,6482.2
2018.6383561643836,6359.6
2018.641095890411,6521.2
2018.6438356164383,6680.4
2018.6465753424657,6734.8
2018.6493150684933,6712.7
2018.6520547945206,6897.6
2018.654794520548,7074.6
2018.6575342465753,7029.1
2018.6602739726027,6993.7
2018.66301369863,7033.8
2018.6657534246576,7189.6
2018.668493150685,7293.9
2018.6712328767123,7264.2
2018.6739726027397,7377.5
2018.676712328767,6706.8
2018.6794520547944,6514.0
2018.682191780822,6390.9
2018.6849315068494,6184.3
2018.6876712328767,6238.5
2018.690410958904,6321.0
2018.6931506849314,6293.9
2018.695890410959,6338.0
2018.6986301369864,6482.9
2018.7013698630137,6483.7
2018.704109589041,6519.0
2018.7068493150684,6500.2
2018.7095890410958,6251.9
2018.7123287671234,6342.0
2018.7150684931507,6390.4
2018.717808219178,6489.2
2018.7205479452055,6766.7
2018.7232876712328,6729.6
2018.7260273972602,6704.1
2018.7287671232878,6584.1
2018.731506849315,6445.1
2018.7342465753425,6468.1
2018.7369863013698,6689.2
2018.7397260273972,6636.0
2018.7424657534248,6603.9
2018.7452054794521,6635.2
2018.7479452054795,6608.2
2018.7506849315068,6549.9
2018.7534246575342,6507.8
2018.7561643835616,6584.2
2018.7589041095891,6639.1
2018.7616438356165,6596.3
2018.7643835616439,6611.0
2018.7671232876712,6669.6
2018.7698630136986,6650.8
2018.772602739726,6618.0
2018.7753424657535,6239.1
2018.7780821917809,6291.3
2018.7808219178082,6321.7
2018.7835616438356,6326.8
2018.786301369863,6699.8
2018.7890410958903,6705.3
2018.7917808219179,6686.6
2018.7945205479452,6574.1
2018.7972602739726,6512.0
2018.8,6572.2
2018.8027397260273,6583.0
2018.805479452055,6555.8
2018.8082191780823,6528.7
2018.8109589041096,6530.7
2018.813698630137,6507.0
2018.8164383561643,6510.0
2018.8191780821917,6494.2
2018.8219178082193,6486.1
2018.8246575342466,6335.0
2018.827397260274,6325.7
2018.8301369863013,6365.9
2018.8328767123287,6400.5
2018.835616438356,6424.7
2018.8383561643836,6386.2
2018.841095890411,6478.2
2018.8438356164384,6459.7
2018.8465753424657,6502.8
2018.849315068493,6565.3
2018.8520547945207,6474.0
2018.854794520548,6412.0
2018.8575342465754,6427.1
2018.8602739726027,6446.1
2018.86301369863,6435.0
2018.8657534246574,6429.2
2018.868493150685,5842.4
2018.8712328767124,5718.9
2018.8739726027397,5636.2
2018.876712328767,5621.8
2018.8794520547945,5658.3
2018.8821917808218,4883.8
2018.8849315068494,4524.6
2018.8876712328768,4638.7
2018.890410958904,4356.0
2018.8931506849315,4398.0
2018.8958904109588,3920.4
2018.8986301369864,4062.2
2018.9013698630138,3837.0
2018.9041095890411,3866.5
2018.9068493150685,4265.4
2018.9095890410958,4296.5
2018.9123287671232,4039.7
2018.9150684931508,4196.2
2018.9178082191781,4160.4
2018.9205479452055,3897.8
2018.9232876712329,3958.5
2018.9260273972602,3771.6
2018.9287671232876,3508.6
2018.9315068493152,3422.2
2018.9342465753425,3430.4
2018.9369863013699,3567.5
2018.9397260273972,3460.5
2018.9424657534246,3407.7
2018.945205479452,3466.1
2018.9479452054795,3315.3
2018.9506849315069,3247.8
2018.9534246575342,3228.7
2018.9561643835616,3247.9
2018.958904109589,3526.1
2018.9616438356165,3668.0
2018.964383561644,3687.1
2018.9671232876713,4076.0
2018.9698630136986,3850.9
2018.972602739726,3964.4
2018.9753424657533,3944.4
2018.978082191781,4026.1
2018.9808219178083,3762.5
2018.9835616438356,3793.7
2018.986301369863,3586.9
2018.9890410958903,3861.6
2018.9917808219177,3706.8
2018.9945205479453,3815.0
2018.9972602739726,3709.4
2019.0,3809.4
2019.0027397260274,3873.8
2019.0054794520547,3780.1
2019.0082191780823,3802.7
2019.0109589041097,3785.4
2019.013698630137,4004.1
2019.0164383561644,3985.9
2019.0191780821917,3971.0
2019.021917808219,3978.0
2019.0246575342467,3603.7
2019.027397260274,3616.5
2019.0301369863014,3597.2
2019.0328767123287,3490.2
2019.035616438356,3638.1
2019.0383561643835,3571.3
2019.041095890411,3588.0
2019.0438356164384,3626.4
2019.0465753424658,3605.6
2019.0493150684931,3677.8
2019.0520547945205,3542.3
2019.054794520548,3536.7
2019.0575342465754,3580.1
2019.0602739726028,3561.5
2019.0630136986301,3574.3
2019.0657534246575,3572.0
2019.0684931506848,3570.9
2019.0712328767124,3555.6
2019.0739726027398,3442.8
2019.0767123287671,3414.8
2019.0794520547945,3460.0
2019.0821917808219,3437.2
2019.0849315068492,3467.9
2019.0876712328768,3502.5
2019.0904109589042,3459.1
2019.0931506849315,3462.8
2019.0958904109589,3468.4
2019.0986301369862,3404.3
2019.1013698630136,3397.7
2019.1041095890412,3661.7
2019.1068493150685,3661.4
2019.109589041096,3679.0
2019.1123287671232,3631.8
2019.1150684931506,3632.0
2019.1178082191782,3611.5
2019.1205479452055,3592.6
2019.123287671233,3604.7
2019.1260273972603,3616.8
2019.1287671232876,3664.2
2019.131506849315,3896.0
2019.1342465753426,3914.3
2019.13698630137,3972.4
2019.1397260273973,3936.6
2019.1424657534246,3965.2
2019.145205479452,4120.4
2019.1479452054793,3755.2
2019.150684931507,3833.7
2019.1534246575343,3810.3
2019.1561643835616,3814.6
2019.158904109589,3816.6
2019.1616438356164,3821.9
2019.164383561644,3823.1
2019.1671232876713,3809.5
2019.1698630136987,3715.9
2019.172602739726,3857.2
2019.1753424657534,3863.0
2019.1780821917807,3875.1
2019.1808219178083,3865.9
2019.1835616438357,3944.3
2019.186301369863,3915.2
2019.1890410958904,3870.3
2019.1917808219177,3886.0
2019.194520547945,3865.1
2019.1972602739727,3879.0
2019.2,3924.3
2019.2027397260274,4006.4
2019.2054794520548,3981.5
2019.2082191780821,3990.2
2019.2109589041097,4017.0
2019.213698630137,4041.2
2019.2164383561644,3982.2
2019.2191780821918,3990.4
2019.2219178082191,4002.5
2019.2246575342465,3994.7
2019.227397260274,3937.0
2019.2301369863014,3942.8
2019.2328767123288,4041.7
2019.2356164383561,4025.6
2019.2383561643835,4102.2
2019.2410958904109,4111.8
2019.2438356164384,4102.3
2019.2465753424658,4145.1
2019.2493150684932,4859.3
2019.2520547945205,4968.7
2019.2547945205479,4902.4
2019.2575342465752,5010.2
2019.2602739726028,5046.2
2019.2631278538813,5173.6
2019.2658675799087,5245.2
2019.268607305936,5158.4
2019.2713470319634,5307.8
2019.274086757991,5022.6
2019.2768264840183,5054.2
2019.2795662100457,5051.8
2019.282305936073,5134.8
2019.2850456621004,5032.3
2019.2877853881278,5180.9
2019.2905251141553,5208.3
2019.2932648401827,5264.7
2019.29600456621,5241.0
2019.2987442922374,5290.2
2019.3014840182648,5243.5
2019.3042237442921,5346.7
2019.3069634703197,5511.6
2019.309703196347,5415.6
2019.3124429223744,5209.1
2019.3151826484018,5298.3
2019.3179223744291,5265.9
2019.3206621004567,5302.3
2019.323401826484,5235.0
2019.3261415525114,5320.8
2019.3288812785388,5384.2
2019.3316210045662,5493.8
2019.3343607305935,5766.8
2019.337100456621,5830.9
2019.3398401826485,5774.9
2019.3425799086758,5745.1
2019.3453196347032,5849.5
2019.3480593607305,5990.3
2019.350799086758,6191.5
2019.3535388127855,6386.0
2019.3562785388128,7190.3
2019.3590182648402,6984.8
2019.3617579908675,7806.0
2019.364497716895,7994.6
2019.3672374429225,8164.6
2019.3699771689498,7871.8
2019.3727168949772,7359.5
2019.3754566210046,7262.6
2019.378196347032,8157.2
2019.3809360730593,7965.3
2019.3836757990869,7930.3
2019.3864155251142,7635.7
2019.3891552511416,7852.1
2019.391894977169,7970.1
2019.3946347031963,8027.4
2019.3973744292236,8630.2
2019.4001141552512,8760.1
2019.4028538812786,8716.3
2019.405593607306,8647.8
2019.4083333333333,8271.9
2019.4110730593607,8558.3
2019.413812785388,8545.7
2019.4165525114156,8728.6
2019.419292237443,8124.8
2019.4220319634703,7685.5
2019.4247716894977,7779.1
2019.427511415525,7784.9
2019.4302511415526,7985.2
2019.43299086758,7901.4
2019.4357305936073,7635.0
2019.4384703196347,7987.8
2019.441210045662,7888.0
2019.4439497716894,8133.1
2019.446689497717,8219.0
2019.4494292237443,8656.1
2019.4521689497717,8812.5
2019.454908675799,8962.5
2019.4576484018264,9318.8
2019.4603881278538,9080.6
2019.4631278538814,9255.4
2019.4658675799087,9517.0
2019.468607305936,10179.3
2019.4713470319634,10721.7
2019.4740867579908,10897.1
2019.4768264840184,11046.4
2019.4795662100457,11809.9
2019.482305936073,13063.8
2019.4850456621004,11287.8
2019.4877853881278,12409.1
2019.4905251141552,11906.5
2019.4932648401827,10818.6
2019.49600456621,10616.6
2019.4987442922375,10835.9
2019.5014840182648,11900.8
2019.5042237442922,11163.1
2019.5069634703195,10970.2
2019.5097031963471,11268.0
2019.5124429223745,11415.9
2019.5151826484018,12252.6
2019.5179223744292,12541.5
2019.5206621004565,12110.6
2019.523401826484,11342.3
2019.5261415525115,11762.1
2019.5288812785388,11364.9
2019.5316210045662,10200.1
2019.5343607305936,10845.9
2019.537100456621,9424.8
2019.5398401826485,9723.2
2019.5425799086759,10651.4
2019.5453196347032,10571.5
2019.5480593607306,10826.7
2019.550799086758,10714.4
2019.5535388127853,10412.5
2019.5562785388129,9888.7
2019.5590182648402,9804.3
2019.5617579908676,9945.3
2019.564497716895,9831.0
2019.5672374429223,9492.1
2019.5699771689497,9727.8
2019.5727168949772,9580.9
2019.5754566210046,9580.7
2019.578196347032,10082.0
2019.5809360730593,10380.0
2019.5836757990867,10520.1
2019.5864155251143,10815.7
2019.5891552511416,10934.6
2019.591894977169,11816.8
2019.5946347031963,11480.9
2019.5973744292237,12013.9
2019.600114155251,12191.6
2019.6028538812786,12089.8
2019.605593607306,11314.5
2019.6083333333333,11517.2
2019.6110730593607,11394.2
2019.613812785388,10892.9
2019.6165525114154,10049.4
2019.619292237443,10303.4
2019.6220319634704,10335.6
2019.6247716894977,10218.1
2019.627511415525,10312.7
2019.6302511415524,10910.7
2019.63299086758,10752.6
2019.6357305936074,10141.5
2019.6384703196347,10105.0
2019.641210045662,10388.7
2019.6439497716894,10131.0
2019.6466894977168,10136.3
2019.6494292237444,10371.8
2019.6521689497717,10184.8
2019.654908675799,9729.4
2019.6576484018265,9491.0
2019.6603881278538,9585.4
2019.6631278538812,9594.4
2019.6658675799088,9729.3
2019.6686073059361,10348.8
2019.6713470319635,10612.3
2019.6740867579908,10568.2
2019.6768264840182,10566.9
2019.6795662100456,10309.3
2019.6823059360731,10461.1
2019.6850456621005,10402.8
2019.6876712328767,10309.0
2019.690410958904,10105.4
2019.6931506849314,10162.5
2019.695890410959,10415.1
2019.6986301369864,10342.1
2019.7013698630137,10337.3
2019.704109589041,10311.5
2019.7068493150684,10255.5
2019.7095890410958,10195.7
2019.7123287671234,10164.7
2019.7150684931507,10250.5
2019.717808219178,10172.7
2019.7205479452055,9993.0
2019.7232876712328,10031.6
2019.7260273972602,9702.2
2019.7287671232878,8513.9
2019.731506849315,8432.4
2019.7342465753425,8063.8
2019.7369863013698,8184.9
2019.7397260273972,8208.5
2019.7424657534248,8049.1
2019.7452054794521,8284.3
2019.7479452054795,8302.7
2019.7506849315068,8364.1
2019.7534246575342,8226.9
2019.7561643835616,8148.1
2019.7589041095891,8127.3
2019.7616438356165,7881.9
2019.7643835616439,8198.6
2019.7671232876712,8182.9
2019.7698630136986,8566.7
2019.772602739726,8562.3
2019.7753424657535,8267.8
2019.7780821917809,8304.4
2019.7808219178082,8281.5
2019.7835616438356,8353.3
2019.786301369863,8167.2
2019.7890410958903,8000.4
2019.7917808219179,8073.3
2019.7945205479452,7948.5
2019.7972602739726,7957.3
2019.8,8223.4
2019.8027397260273,8208.2
2019.805479452055,8031.4
2019.8082191780823,7477.0
2019.8109589041096,7422.7
2019.813698630137,8658.3
2019.8164383561643,9230.6
2019.8191780821917,9529.6
2019.8219178082193,9207.2
2019.8246575342466,9411.3
2019.827397260274,9157.9
2019.8301369863013,9152.6
2019.8328767123287,9230.1
2019.835616438356,9300.6
2019.8383561643836,9198.3
2019.841095890411,9396.4
2019.8438356164384,9310.8
2019.8465753424657,9338.9
2019.849315068493,9223.5
2019.8520547945207,8778.2
2019.854794520548,8804.5
2019.8575342465754,9036.8
2019.8602739726027,8736.9
2019.86301369863,8812.6
2019.8657534246574,8783.1
2019.868493150685,8661.2
2019.8712328767124,8476.3
2019.8739726027397,8497.3
2019.876712328767,8509.8
2019.8794520547945,8208.4
2019.8821917808218,8145.7
2019.8849315068494,8099.3
2019.8876712328768,7627.9
2019.890410958904,7272.5
2019.8931506849315,7324.1
2019.8958904109588,6924.7
2019.8986301369864,7115.6
2019.9013698630138,7162.8
2019.9041095890411,7510.6
2019.9068493150685,7426.7
2019.9095890410958,7742.7
2019.9123287671232,7546.6
2019.9150684931508,7396.4
2019.9178082191781,7298.2
2019.9205479452055,7291.8
2019.9232876712329,7204.4
2019.9260273972602,7399.2
2019.9287671232876,7530.8
2019.9315068493152,7510.9
2019.9342465753425,7524.4
2019.9369863013699,7355.8
2019.9397260273972,7235.7
2019.9424657534246,7208.0
2019.945205479452,7208.0
2019.9479452054795,7255.2
2019.9506849315069,7080.8
2019.9534246575342,7128.5
2019.9561643835616,6903.5
2019.958904109589,6613.3
2019.9616438356165,7276.0
2019.964383561644,7165.5
2019.9671232876713,7196.4
2019.9698630136986,7156.2
2019.972602739726,7495.8
2019.9753424657533,7322.8
2019.978082191781,7268.3
2019.9808219178083,7224.8
2019.9835616438356,7210.9
2019.986301369863,7261.7
2019.9890410958903,7321.5
2019.9917808219177,7397.5
2019.9945205479453,7261.8
2019.9972602739726,7196.4
2020.0,7199.8
2020.0027322404371,6967.0
2020.0054644808743,7343.1
2020.0081967213114,7376.8
2020.0109289617487,7372.5
2020.0136612021859,7759.1
2020.016393442623,8155.7
2020.01912568306,8059.6
2020.0218579234972,7842.4
2020.0245901639344,8187.1
2020.0273224043715,8024.1
2020.0300546448088,8187.6
2020.032786885246,8111.4
2020.035519125683,8829.2
2020.0382513661202,8818.3
2020.0409836065573,8726.9
2020.0437158469945,8913.1
2020.0464480874316,8916.3
2020.049180327869,8706.2
2020.051912568306,8641.9
2020.0546448087432,8732.6
2020.0573770491803,8678.5
2020.0601092896175,8405.1
2020.0628415300546,8439.9
2020.0655737704917,8341.6
2020.068306010929,8607.8
2020.0710382513662,8866.6
2020.0737704918033,9377.3
2020.0765027322404,9298.9
2020.0792349726776,9507.3
2020.0819672131147,9349.1
2020.0846994535518,9381.6
2020.0874316939892,9334.9
2020.0901639344263,9296.6
2020.0928961748634,9193.9
2020.0956284153006,9611.8
2020.0983606557377,9772.0
2020.1010928961748,9818.6
2020.103825136612,9895.5
2020.1065573770493,10151.5
2020.1092896174864,9854.1
2020.1120218579235,10229.5
2020.1147540983607,10317.7
2020.1174863387978,10235.1
2020.120218579235,10333.0
2020.122950819672,9907.7
2020.1256830601094,9932.3
2020.1284153005465,9701.4
2020.1311475409836,10158.4
2020.1338797814208,9609.4
2020.136612021858,9602.4
2020.139344262295,9684.5
2020.1420765027322,9655.7
2020.1448087431695,9942.7
2020.1475409836066,9662.7
2020.1502732240438,9317.2
2020.1530054644809,8800.3
2020.155737704918,8818.6
2020.1584699453551,8697.5
2020.1612021857923,8543.7
2020.1639344262296,8540.0
2020.1666666666667,8904.8
2020.1693989071039,8761.4
2020.172131147541,8757.9
2020.1748633879781,9060.3
2020.1775956284152,9134.8
2020.1803278688524,8887.8
2020.1830601092897,8034.1
2020.1857923497269,7933.0
2020.188524590164,7891.2
2020.191256830601,7935.1
2020.1939890710382,4826.0
2020.1967213114754,5584.3
2020.1994535519125,5182.7
2020.2021857923498,5366.3
2020.204918032787,5030.0
2020.207650273224,5261.1
2020.2103825136612,5361.4
2020.2131147540983,6172.0
2020.2158469945355,6205.3
2020.2185792349726,6186.2
2020.22131147541,5822.1
2020.224043715847,6468.9
2020.2267759562842,6744.6
2020.2295081967213,6678.9
2020.2322404371585,6725.1
2020.2349726775956,6373.4
2020.2377049180327,6233.7
2020.24043715847,5890.4
2020.2431693989072,6391.0
2020.2459016393443,6412.5
2020.2486338797814,6638.5
2020.2513661202186,6800.5
2020.2540983606557,6735.9
2020.2568306010928,6857.4
2020.2596766848817,6772.7
2020.2624089253188,7332.3
2020.265141165756,7185.2
2020.267873406193,7361.2
2020.2706056466302,7289.0
2020.2733378870673,6863.1
2020.2760701275045,6867.8
2020.2788023679418,6917.6
2020.281534608379,6841.3
2020.284266848816,6850.9
2020.2869990892532,6629.1
2020.2897313296903,7085.6
2020.2924635701274,7035.8
2020.2951958105646,7230.8
2020.297928051002,7122.9
2020.300660291439,6833.5
2020.3033925318762,6842.5
2020.3061247723133,7112.9
2020.3088570127504,7488.5
2020.3115892531875,7503.8
2020.3143214936247,7540.4
2020.317053734062,7678.9
2020.3197859744992,7766.0
2020.3225182149363,7746.9
2020.3252504553734,8770.9
2020.3279826958105,8629.0
2020.3307149362477,8821.6
2020.3334471766848,8966.3
2020.3361794171221,8885.5
2020.3389116575593,8874.7
2020.3416438979964,9001.0
2020.3443761384335,9151.4
2020.3471083788706,9979.8
2020.3498406193078,9806.2
2020.352572859745,9554.6
2020.3553051001822,8738.8
2020.3580373406194,8579.8
2020.3607695810565,8813.8
2020.3635018214936,9298.7
2020.3662340619308,9778.4
2020.3689663023679,9318.0
2020.371698542805,9379.5
2020.3744307832424,9677.7
2020.3771630236795,9730.7
2020.3798952641166,9773.3
2020.3826275045537,9512.3
2020.3853597449909,9059.0
2020.388091985428,9169.7
2020.3908242258651,9177.0
2020.3935564663025,8728.2
2020.3962887067396,8898.2
2020.3990209471767,8842.5
2020.4017531876138,9199.1
2020.404485428051,9572.2
2020.407217668488,9424.8
2020.4099499089252,9692.5
2020.4126821493626,9454.8
2020.4154143897997,10189.3
2020.4181466302368,9527.6
2020.420878870674,9667.2
2020.423611111111,9794.4
2020.4263433515482,9631.2
2020.4290755919853,9669.6
2020.4318078324227,9742.6
2020.4345400728598,9777.9
2020.437272313297,9768.8
2020.440004553734,9878.8
2020.4427367941712,9283.2
2020.4454690346083,9466.6
2020.4482012750454,9471.3
2020.4509335154828,9345.3
2020.45366575592,9425.4
2020.456397996357,9523.5
2020.4591302367942,9464.6
2020.4618624772313,9388.1
2020.4645947176684,9314.0
2020.4673269581056,9358.8
2020.470059198543,9296.4
2020.47279143898,9683.7
2020.4755236794172,9624.6
2020.4782559198543,9302.0
2020.4809881602914,9247.5
2020.4837204007285,9160.0
2020.4864526411657,9008.3
2020.489184881603,9124.0
2020.4919171220401,9185.4
2020.4946493624773,9135.4
2020.4973816029144,9229.9
2020.5001138433515,9085.1
2020.5028460837887,9067.1
2020.5055783242258,9134.4
2020.5083105646631,9081.0
2020.5110428051003,9339.0
2020.5137750455374,9256.0
2020.5165072859745,9429.9
2020.5192395264116,9235.7
2020.5219717668488,9285.1
2020.524704007286,9233.3
2020.5274362477232,9300.8
2020.5301684881604,9243.6
2020.5329007285975,9253.4
2020.5356329690346,9198.7
2020.5383652094717,9135.3
2020.5410974499089,9155.8
2020.543829690346,9170.2
2020.5465619307834,9208.0
2020.5492941712205,9162.4
2020.5520264116576,9387.3
2020.5547586520947,9513.7
2020.5574908925319,9599.6
2020.560223132969,9546.4
2020.562955373406,9704.1
2020.5656876138432,9932.5
2020.5684198542806,11022.8
2020.5711520947177,10908.5
2020.5738843351548,11105.9
2020.576616575592,11096.2
2020.579348816029,11333.4
2020.5820810564662,11964.8
2020.5848132969033,11143.2
2020.5875455373407,11254.7
2020.5902777777778,11235.2
2020.593010018215,11670.6
2020.595742258652,11906.8
2020.5984744990892,11575.5
2020.6012067395263,11755.2
2020.6039389799635,12023.4
2020.6066712204008,11838.7
2020.609403460838,11324.9
2020.612135701275,11570.8
2020.6148679417122,11732.4
2020.6176001821493,11902.4
