numero,fecha,precio
1,2013.5535388127853,91.6
2,2013.5562785388129,95.6
3,2013.5590182648402,95.1
4,2013.5617579908676,96.9
5,2013.564497716895,96.0
6,2013.5672374429223,94.4
7,2013.5699771689497,98.8
8,2013.5727168949772,101.5
9,2013.5754566210046,108.0
10,2013.578196347032,106.2
11,2013.5809360730593,104.0
12,2013.5836757990867,104.5
13,2013.5864155251143,104.9
14,2013.5891552511416,105.1
15,2013.591894977169,106.7
16,2013.5946347031963,106.6
17,2013.5973744292237,106.0
18,2013.600114155251,103.1
19,2013.6028538812786,102.8
20,2013.605593607306,103.0
21,2013.6083333333333,105.0
22,2013.6110730593607,106.8
23,2013.613812785388,109.6
24,2013.6165525114154,112.6
25,2013.619292237443,110.0
26,2013.6220319634704,109.0
27,2013.6247716894977,112.8
28,2013.627511415525,113.4
29,2013.6302511415524,118.5
30,2013.63299086758,121.2
31,2013.6357305936074,123.3
32,2013.6384703196347,122.0
33,2013.641210045662,118.5
34,2013.6439497716894,119.6
35,2013.6466894977168,122.1
36,2013.6494292237444,120.1
37,2013.6521689497717,131.3
38,2013.654908675799,128.8
39,2013.6576484018265,129.3
40,2013.6603881278538,138.0
41,2013.6631278538812,141.0
42,2013.6658675799088,146.0
43,2013.6686073059361,144.0
44,2013.6713470319635,144.0
45,2013.6740867579908,132.5
46,2013.6768264840182,130.2
47,2013.6795662100456,121.9
48,2013.6823059360731,129.0
49,2013.6850456621005,126.3
50,2013.6876712328767,133.1
51,2013.690410958904,132.6
52,2013.6931506849314,142.1
53,2013.695890410959,139.4
54,2013.6986301369864,140.7
55,2013.7013698630137,136.7
56,2013.704109589041,138.3
57,2013.7068493150684,139.4
58,2013.7095890410958,139.1
59,2013.7123287671234,140.4
60,2013.7150684931507,135.1
61,2013.717808219178,133.8
62,2013.7205479452055,134.4
63,2013.7232876712328,134.0
64,2013.7260273972602,133.4
65,2013.7287671232878,134.8
66,2013.731506849315,135.0
67,2013.7342465753425,137.1
68,2013.7369863013698,138.9
69,2013.7397260273972,142.5
70,2013.7424657534248,143.9
71,2013.7452054794521,141.9
72,2013.7479452054795,140.3
73,2013.7506849315068,123.0
74,2013.7534246575342,131.0
75,2013.7561643835616,136.8
76,2013.7589041095891,136.7
77,2013.7616438356165,137.8
78,2013.7643835616439,135.8
79,2013.7671232876712,136.5
80,2013.7698630136986,139.5
81,2013.772602739726,140.4
82,2013.7753424657535,140.1
83,2013.7780821917809,142.9
84,2013.7808219178082,147.5
85,2013.7835616438356,151.4
86,2013.786301369863,158.1
87,2013.7890410958903,152.8
88,2013.7917808219179,157.6
89,2013.7945205479452,168.3
90,2013.7972602739726,183.1
91,2013.8,186.1
92,2013.8027397260273,192.8
93,2013.805479452055,203.0
94,2013.8082191780823,228.0
95,2013.8109589041096,207.0
96,2013.813698630137,197.9
97,2013.8164383561643,188.6
98,2013.8191780821917,206.9
99,2013.8219178082193,206.9
100,2013.8246575342466,216.0
101,2013.827397260274,208.0
102,2013.8301369863013,211.2
103,2013.8328767123287,213.4
104,2013.835616438356,211.7
105,2013.8383561643836,224.0
106,2013.841095890411,238.2
107,2013.8438356164384,251.3
108,2013.8465753424657,264.1
109,2013.849315068493,309.6
110,2013.8520547945207,355.0
111,2013.854794520548,367.8
112,2013.8575342465754,336.3
113,2013.8602739726027,363.0
114,2013.86301369863,380.0
115,2013.8657534246574,434.9
116,2013.868493150685,433.4
117,2013.8712328767124,433.9
118,2013.8739726027397,462.0
119,2013.876712328767,528.3
120,2013.8794520547945,785.4
121,2013.8821917808218,645.7
122,2013.8849315068494,638.0
123,2013.8876712328768,764.9
124,2013.890410958904,802.0
125,2013.8931506849315,832.5
126,2013.8958904109588,795.0
127,2013.8986301369864,830.0
128,2013.9013698630138,970.0
129,2013.9041095890411,1079.9
130,2013.9068493150685,1101.4
131,2013.9095890410958,1206.9
132,2013.9123287671232,1205.7
133,2013.9150684931508,1004.4
134,2013.9178082191781,1096.6
135,2013.9205479452055,1154.9
136,2013.9232876712329,1237.6
137,2013.9260273972602,1106.3
138,2013.9287671232876,845.0
139,2013.9315068493152,697.0
140,2013.9342465753425,804.0
141,2013.9369863013699,919.0
142,2013.9397260273972,1033.7
143,2013.9424657534246,919.9
144,2013.945205479452,900.0
145,2013.9479452054795,936.8
146,2013.9506849315069,908.9
147,2013.9534246575342,919.9
148,2013.9561643835616,759.9
149,2013.958904109589,715.0
150,2013.9616438356165,541.0
151,2013.964383561644,732.0
152,2013.9671232876713,650.0
153,2013.9698630136986,640.5
154,2013.972602739726,639.5
155,2013.9753424657533,713.2
156,2013.978082191781,702.8
157,2013.9808219178083,707.3
158,2013.9835616438356,802.0
159,2013.986301369863,803.0
160,2013.9890410958903,762.0
161,2013.9917808219177,785.0
162,2013.9945205479453,804.8
163,2013.9972602739726,805.9
164,2014.0,815.9
165,2014.0027397260274,856.9
166,2014.0054794520547,884.3
167,2014.0082191780823,924.7
168,2014.0109589041097,1014.7
169,2014.013698630137,1012.7
170,2014.0164383561644,879.9
171,2014.0191780821917,938.8
172,2014.021917808219,937.0
173,2014.0246575342467,957.8
174,2014.027397260274,1005.3
175,2014.0301369863014,939.8
176,2014.0328767123287,922.9
177,2014.035616438356,919.3
178,2014.0383561643835,941.2
179,2014.041095890411,913.5
180,2014.0438356164384,894.2
181,2014.0465753424658,905.7
182,2014.0493150684931,954.8
183,2014.0520547945205,956.0
184,2014.054794520548,962.2
185,2014.0575342465754,951.0
186,2014.0602739726028,944.2
187,2014.0630136986301,916.5
188,2014.0657534246575,961.0
189,2014.0684931506848,1007.0
190,2014.0712328767124,943.5
191,2014.0739726027398,932.7
192,2014.0767123287671,925.7
193,2014.0794520547945,941.4
194,2014.0821917808219,938.8
195,2014.0849315068492,940.4
196,2014.0876712328768,953.3
197,2014.0904109589042,931.7
198,2014.0931506849315,926.6
199,2014.0958904109589,904.5
200,2014.0986301369862,828.9
201,2014.1013698630136,695.7
202,2014.1041095890412,648.8
203,2014.1068493150685,659.6
204,2014.109589041096,582.6
205,2014.1123287671232,579.0
206,2014.1150684931506,531.1
207,2014.1178082191782,451.4
208,2014.1205479452055,427.7
209,2014.123287671233,371.1
210,2014.1260273972603,299.8
211,2014.1287671232876,272.3
212,2014.131506849315,294.0
213,2014.1342465753426,261.5
214,2014.13698630137,111.9
215,2014.1397260273973,111.6
216,2014.1424657534246,255.6
217,2014.145205479452,310.2
218,2014.1479452054793,174.0
219,2014.150684931507,135.8
220,2014.1534246575343,593.1
221,2014.1561643835616,596.5
222,2014.158904109589,573.9
223,2014.1616438356164,557.4
224,2014.164383561644,544.6
225,2014.1671232876713,662.2
226,2014.1698630136987,661.8
227,2014.172602739726,658.3
228,2014.1753424657534,648.3
229,2014.1780821917807,616.7
230,2014.1808219178083,609.2
231,2014.1835616438357,627.0
232,2014.186301369863,613.0
233,2014.1890410958904,608.7
234,2014.1917808219177,619.4
235,2014.194520547945,625.0
236,2014.1972602739727,614.0
237,2014.2,624.0
238,2014.2027397260274,619.1
239,2014.2054794520548,606.4
240,2014.2082191780821,598.9
241,2014.2109589041097,595.0
242,2014.213698630137,566.0
243,2014.2164383561644,549.6
244,2014.2191780821918,564.3
245,2014.2219178082191,551.2
246,2014.2246575342465,567.6
247,2014.227397260274,562.9
248,2014.2301369863014,562.5
249,2014.2328767123288,460.5
250,2014.2356164383561,482.6
251,2014.2383561643835,477.1
252,2014.2410958904109,446.9
253,2014.2438356164384,444.7
254,2014.2465753424658,463.5
255,2014.2493150684932,424.4
256,2014.2520547945205,436.3
257,2014.2547945205479,444.4
258,2014.2575342465752,456.6
259,2014.2602739726028,455.7
260,2014.2630136986302,462.4
261,2014.2657534246575,466.6
262,2014.268493150685,457.3
263,2014.2712328767122,384.6
264,2014.2739726027398,435.1
265,2014.2767123287672,437.6
266,2014.2794520547945,427.6
267,2014.282191780822,478.4
268,2014.2849315068493,526.4
269,2014.2876712328766,537.0
270,2014.2904109589042,502.0
271,2014.2931506849316,485.5
272,2014.295890410959,506.0
273,2014.2986301369863,498.5
274,2014.3013698630136,495.2
275,2014.304109589041,487.9
276,2014.3068493150686,487.3
277,2014.309589041096,500.3
278,2014.3123287671233,464.5
279,2014.3150684931506,457.9
280,2014.3179223744291,443.2
281,2014.3206621004567,441.9
282,2014.323401826484,446.1
283,2014.3261415525114,445.6
284,2014.3288812785388,460.1
285,2014.3316210045662,453.7
286,2014.3343607305935,438.6
287,2014.337100456621,436.0
288,2014.3398401826485,430.9
289,2014.3425799086758,432.2
290,2014.3453196347032,446.5
291,2014.3480593607305,441.1
292,2014.350799086758,445.5
293,2014.3535388127855,451.9
294,2014.3562785388128,433.2
295,2014.3590182648402,438.2
296,2014.3617579908675,433.9
297,2014.364497716895,442.6
298,2014.3672374429225,448.1
299,2014.3699771689498,453.6
300,2014.3727168949772,452.8
301,2014.3754566210046,450.1
302,2014.378196347032,443.9
303,2014.3809360730593,484.6
304,2014.3836757990869,488.8
305,2014.3864155251142,515.4
306,2014.3891552511416,518.1
307,2014.391894977169,520.5
308,2014.3946347031963,570.4
309,2014.3973744292236,582.0
310,2014.4001141552512,570.1
311,2014.4028538812786,570.8
312,2014.405593607306,564.4
313,2014.4083333333333,612.3
314,2014.4110730593607,627.9
315,2014.413812785388,649.8
316,2014.4165525114156,655.5
317,2014.419292237443,669.4
318,2014.4220319634703,638.9
319,2014.4247716894977,660.2
320,2014.427511415525,650.4
321,2014.4302511415526,651.7
322,2014.43299086758,651.0
323,2014.4357305936073,644.3
324,2014.4384703196347,655.6
325,2014.441210045662,643.0
326,2014.4439497716894,597.1
327,2014.446689497717,610.3
328,2014.4494292237443,583.4
329,2014.4521689497717,582.3
330,2014.454908675799,599.1
331,2014.4576484018264,605.1
332,2014.4603881278538,606.2
333,2014.4631278538814,600.2
334,2014.4658675799087,590.8
335,2014.468607305936,597.0
336,2014.4713470319634,603.6
337,2014.4740867579908,591.2
338,2014.4768264840184,588.8
339,2014.4795662100457,568.5
340,2014.482305936073,582.7
341,2014.4850456621004,602.2
342,2014.4877853881278,597.6
343,2014.4905251141552,601.1
344,2014.4932648401827,635.1
345,2014.49600456621,643.2
346,2014.4987442922375,645.7
347,2014.5014840182648,638.0
348,2014.5042237442922,624.0
349,2014.5069634703195,623.0
350,2014.5097031963471,626.7
351,2014.5124429223745,613.6
352,2014.5151826484018,615.3
353,2014.5179223744292,623.0
354,2014.5206621004565,618.4
355,2014.523401826484,632.9
356,2014.5261415525115,635.9
357,2014.5288812785388,628.0
358,2014.5316210045662,618.3
359,2014.5343607305936,619.6
360,2014.537100456621,614.8
361,2014.5398401826485,626.6
362,2014.5425799086759,627.5
363,2014.5453196347032,627.0
364,2014.5480593607306,621.0
365,2014.550799086758,625.1
366,2014.5535388127853,622.5
367,2014.5562785388129,621.7
368,2014.5590182648402,601.9
369,2014.5617579908676,600.5
370,2014.564497716895,596.0
371,2014.5672374429223,595.0
372,2014.5699771689497,587.9
373,2014.5727168949772,585.8
374,2014.5754566210046,564.6
375,2014.578196347032,589.5
376,2014.5809360730593,598.8
377,2014.5836757990867,591.7
378,2014.5864155251143,588.9
379,2014.5891552511416,592.8
380,2014.591894977169,588.8
381,2014.5946347031963,589.8
382,2014.5973744292237,592.8
383,2014.600114155251,595.8
384,2014.6028538812786,589.5
385,2014.605593607306,592.1
386,2014.6083333333333,575.9
387,2014.6110730593607,567.7
388,2014.613812785388,542.1
389,2014.6165525114154,504.8
390,2014.619292237443,496.5
391,2014.6220319634704,522.0
392,2014.6247716894977,485.5
393,2014.627511415525,462.2
394,2014.6302511415524,485.1
395,2014.63299086758,516.8
396,2014.6357305936074,517.9
397,2014.6384703196347,516.1
398,2014.641210045662,497.7
399,2014.6439497716894,509.7
400,2014.6466894977168,502.9
401,2014.6494292237444,512.6
402,2014.6521689497717,515.2
403,2014.654908675799,510.8
404,2014.6576484018265,512.6
405,2014.6603881278538,506.0
406,2014.6631278538812,481.8
407,2014.6658675799088,477.2
408,2014.6686073059361,478.9
409,2014.6713470319635,480.0
410,2014.6740867579908,491.0
411,2014.6768264840182,483.6
412,2014.6795662100456,484.5
413,2014.6823059360731,485.8
414,2014.6849315068494,475.7
415,2014.6876712328767,474.9
416,2014.690410958904,479.7
417,2014.6931506849314,478.5
418,2014.695890410959,477.7
419,2014.6986301369864,478.2
420,2014.7013698630137,477.7
421,2014.704109589041,477.7
422,2014.7068493150684,466.8
423,2014.7095890410958,461.1
424,2014.7123287671234,424.3
425,2014.7150684931507,397.7
426,2014.717808219178,411.5
427,2014.7205479452055,401.6
428,2014.7232876712328,404.1
429,2014.7260273972602,436.9
430,2014.7287671232878,423.8
431,2014.731506849315,412.3
432,2014.7342465753425,404.5
433,2014.7369863013698,399.0
434,2014.7397260273972,379.1
435,2014.7424657534248,376.8
436,2014.7452054794521,388.2
437,2014.7479452054795,382.8
438,2014.7506849315068,375.1
439,2014.7534246575342,363.5
440,2014.7561643835616,335.3
441,2014.7589041095891,322.9
442,2014.7616438356165,331.5
443,2014.7643835616439,331.6
444,2014.7671232876712,350.9
445,2014.7698630136986,360.9
446,2014.772602739726,361.7
447,2014.7753424657535,361.2
448,2014.7780821917809,373.2
449,2014.7808219178082,387.3
450,2014.7835616438356,397.1
451,2014.786301369863,393.2
452,2014.7890410958903,379.8
453,2014.7917808219179,380.5
454,2014.7945205479452,390.9
455,2014.7972602739726,387.3
456,2014.8,380.4
457,2014.8027397260273,382.4
458,2014.805479452055,378.9
459,2014.8082191780823,355.8
460,2014.8109589041096,355.1
461,2014.813698630137,346.7
462,2014.8164383561643,348.7
463,2014.8191780821917,350.1
464,2014.8219178082193,351.1
465,2014.8246575342466,335.1
466,2014.827397260274,344.9
467,2014.8301369863013,337.9
468,2014.8328767123287,325.4
469,2014.835616438356,322.5
470,2014.8383561643836,324.2
471,2014.841095890411,328.0
472,2014.8438356164384,338.0
473,2014.8465753424657,347.7
474,2014.849315068493,341.9
475,2014.8520547945207,343.5
476,2014.854794520548,362.0
477,2014.8575342465754,367.1
478,2014.8602739726027,365.4
479,2014.86301369863,432.0
480,2014.8657534246574,428.7
481,2014.868493150685,396.5
482,2014.8712328767124,374.9
483,2014.8739726027397,385.6
484,2014.876712328767,384.7
485,2014.8794520547945,379.2
486,2014.8821917808218,381.4
487,2014.8849315068494,357.3
488,2014.8876712328768,351.8
489,2014.890410958904,352.0
490,2014.8931506849315,365.9
491,2014.8958904109588,378.9
492,2014.8986301369864,376.4
493,2014.9013698630138,365.4
494,2014.9041095890411,368.8
495,2014.9068493150685,377.6
496,2014.9095890410958,376.3
497,2014.9123287671232,374.9
498,2014.9150684931508,378.6
499,2014.9178082191781,380.6
500,2014.9205479452055,377.0
501,2014.9232876712329,369.8
502,2014.9260273972602,377.6
503,2014.9287671232876,376.3
504,2014.9315068493152,376.5
505,2014.9342465753425,365.0
506,2014.9369863013699,352.2
507,2014.9397260273972,347.9
508,2014.9424657534246,347.7
509,2014.945205479452,353.4
510,2014.9479452054795,348.2
511,2014.9506849315069,349.4
512,2014.9534246575342,345.4
513,2014.9561643835616,330.2
514,2014.958904109589,320.0
515,2014.9616438356165,310.3
516,2014.964383561644,317.8
517,2014.9671232876713,330.4
518,2014.9698630136986,322.6
519,2014.972602739726,330.8
520,2014.9753424657533,335.3
521,2014.978082191781,322.4
522,2014.9808219178083,319.0
523,2014.9835616438356,330.0
524,2014.986301369863,315.3
525,2014.9890410958903,316.5
526,2014.9917808219177,314.1
527,2014.9945205479453,311.3
528,2014.9972602739726,318.2
529,2015.0,314.9
530,2015.0027397260274,315.2
531,2015.0054794520547,287.1
532,2015.0082191780823,264.7
533,2015.0109589041097,274.8
534,2015.013698630137,282.3
535,2015.0164383561644,291.3
536,2015.0191780821917,282.7
537,2015.021917808219,288.0
538,2015.0246575342467,273.4
539,2015.027397260274,264.8
540,2015.0301369863014,269.3
541,2015.0328767123287,221.3
542,2015.035616438356,164.9
543,2015.0383561643835,209.8
544,2015.041095890411,206.9
545,2015.0438356164384,199.6
546,2015.0465753424658,210.6
547,2015.0493150684931,215.9
548,2015.0520547945205,210.6
549,2015.054794520548,228.2
550,2015.0575342465754,232.7
551,2015.0602739726028,232.2
552,2015.0630136986301,248.2
553,2015.0657534246575,252.1
554,2015.0684931506848,269.2
555,2015.0712328767124,263.3
556,2015.0739726027398,236.2
557,2015.0767123287671,234.0
558,2015.0794520547945,231.8
559,2015.0821917808219,218.5
560,2015.0849315068492,225.3
561,2015.0876712328768,238.9
562,2015.0904109589042,227.4
563,2015.0931506849315,226.6
564,2015.0958904109589,216.5
565,2015.0986301369862,223.0
566,2015.1013698630136,227.7
567,2015.1041095890412,223.7
568,2015.1068493150685,220.3
569,2015.109589041096,219.7
570,2015.1123287671232,218.8
571,2015.1150684931506,221.8
572,2015.1178082191782,236.2
573,2015.1205479452055,258.6
574,2015.123287671233,233.3
575,2015.1260273972603,235.8
576,2015.1287671232876,243.2
577,2015.131506849315,235.2
578,2015.1342465753426,241.9
579,2015.13698630137,244.5
580,2015.1397260273973,244.4
581,2015.1424657534246,235.7
582,2015.145205479452,238.8
583,2015.1479452054793,238.9
584,2015.150684931507,237.3
585,2015.1534246575343,236.5
586,2015.1561643835616,253.5
587,2015.158904109589,254.1
588,2015.1616438356164,257.9
589,2015.164383561644,273.8
590,2015.1671232876713,280.6
591,2015.1698630136987,271.9
592,2015.172602739726,275.2
593,2015.1753424657534,272.6
594,2015.1780821917807,274.9
595,2015.1808219178083,274.5
596,2015.1835616438357,290.0
597,2015.186301369863,291.4
598,2015.1890410958904,295.6
599,2015.1917808219177,293.9
600,2015.194520547945,287.2
601,2015.1972602739727,281.6
602,2015.2,284.9
603,2015.2027397260274,290.4
604,2015.2054794520548,285.4
605,2015.2082191780821,255.9
606,2015.2109589041097,260.9
607,2015.213698630137,261.8
608,2015.2164383561644,259.7
609,2015.2191780821918,268.6
610,2015.2219178082191,265.5
611,2015.2246575342465,246.7
612,2015.227397260274,246.4
613,2015.2301369863014,248.0
614,2015.2328767123288,247.2
615,2015.2356164383561,252.0
616,2015.2383561643835,242.1
617,2015.2410958904109,246.8
618,2015.2438356164384,244.1
619,2015.2465753424658,246.2
620,2015.2493150684932,252.6
621,2015.2520547945205,254.5
622,2015.2547945205479,252.9
623,2015.2575342465752,259.6
624,2015.2602739726028,255.0
625,2015.2630136986302,253.0
626,2015.2657534246575,244.6
627,2015.268493150685,243.3
628,2015.2712328767122,234.7
629,2015.2739726027398,236.5
630,2015.2767123287672,235.9
631,2015.2794520547945,223.6
632,2015.282191780822,218.0
633,2015.2849315068493,223.0
634,2015.2876712328766,228.0
635,2015.2904109589042,222.6
636,2015.2931506849316,223.4
637,2015.295890410959,223.0
638,2015.2986301369863,224.2
639,2015.3013698630136,233.7
640,2015.304109589041,233.8
641,2015.3068493150686,235.4
642,2015.309589041096,231.1
643,2015.3123287671233,226.1
644,2015.3150684931506,218.7
645,2015.317808219178,229.0
646,2015.3205479452056,225.8
647,2015.323287671233,225.4
648,2015.3260273972603,235.8
649,2015.3287671232877,233.2
650,2015.331506849315,235.3
651,2015.3342465753424,240.0
652,2015.33698630137,239.0
653,2015.3397260273973,235.8
654,2015.3424657534247,230.0
655,2015.345205479452,237.7
656,2015.3479452054794,243.7
657,2015.3506849315067,241.4
658,2015.3534246575343,240.0
659,2015.3561643835617,241.8
660,2015.358904109589,241.6
661,2015.3616438356164,236.4
662,2015.3643835616438,236.9
663,2015.3671232876711,237.2
664,2015.3698630136987,236.2
665,2015.372602739726,236.3
666,2015.3753424657534,232.6
667,2015.3780821917808,232.0
668,2015.3808219178081,234.0
669,2015.3835616438357,235.4
670,2015.386301369863,240.4
671,2015.3890410958904,238.9
672,2015.3917808219178,241.0
673,2015.3945205479451,237.4
674,2015.3972602739725,237.8
675,2015.4,237.3
676,2015.4027397260274,237.3
677,2015.4054794520548,237.0
678,2015.4082191780822,233.2
679,2015.4109589041095,229.8
680,2015.4136986301369,223.1
681,2015.4164383561645,225.7
682,2015.4191780821918,225.6
683,2015.4219178082192,224.2
684,2015.4246575342465,225.3
685,2015.427397260274,224.7
686,2015.4301369863015,223.5
687,2015.4328767123288,228.6
688,2015.4356164383562,229.6
689,2015.4383561643835,228.8
690,2015.441095890411,229.9
691,2015.4438356164383,230.5
692,2015.4465753424658,232.5
693,2015.4493150684932,233.8
694,2015.4520547945206,237.0
695,2015.454794520548,249.8
696,2015.4575342465753,247.4
697,2015.4602739726026,248.4
698,2015.4630136986302,244.1
699,2015.4657534246576,245.0
700,2015.468493150685,244.1
701,2015.4712328767123,247.5
702,2015.4739726027397,243.8
703,2015.4767123287672,240.6
704,2015.4794520547946,242.6
705,2015.482191780822,242.9
706,2015.4849315068493,250.7
707,2015.4876712328767,248.9
708,2015.490410958904,257.0
709,2015.4931506849316,264.1
710,2015.495890410959,257.6
711,2015.4986301369863,254.9
712,2015.5013698630137,255.4
713,2015.504109589041,260.5
714,2015.5068493150684,270.1
715,2015.509589041096,269.1
716,2015.5123287671233,266.2
717,2015.5150684931507,268.6
718,2015.517808219178,269.1
719,2015.5205479452054,283.6
720,2015.5232876712328,292.0
721,2015.5260273972603,310.4
722,2015.5287671232877,290.4
723,2015.531506849315,287.0
724,2015.5342465753424,283.4
725,2015.5369863013698,276.6
726,2015.5397260273974,279.6
727,2015.5424657534247,274.0
728,2015.545205479452,273.2
729,2015.5479452054794,277.7
730,2015.5506849315068,275.1
731,2015.5534246575342,276.5
732,2015.5561643835617,275.5
733,2015.558904109589,288.4
734,2015.5616438356165,288.7
735,2015.5643835616438,291.8
736,2015.5671232876712,293.0
737,2015.5698630136985,293.7
738,2015.572602739726,288.4
739,2015.5753424657535,287.0
740,2015.5780821917808,283.7
741,2015.5808219178082,280.5
742,2015.5835616438355,281.4
743,2015.5863013698631,281.6
744,2015.5890410958905,284.3
745,2015.5917808219178,281.7
746,2015.5945205479452,278.0
747,2015.5972602739726,277.9
748,2015.6,258.6
749,2015.6027397260275,263.9
750,2015.6054794520549,263.3
751,2015.6082191780822,269.0
752,2015.6109589041096,267.7
753,2015.613698630137,263.4
754,2015.6164383561643,265.0
755,2015.6191780821919,260.5
756,2015.6219178082192,257.1
757,2015.6246575342466,257.1
758,2015.627397260274,246.7
759,2015.6301369863013,226.0
760,2015.6328767123289,234.7
761,2015.6356164383562,232.4
762,2015.6383561643836,229.5
763,2015.641095890411,226.8
764,2015.6438356164383,211.4
765,2015.6465753424657,220.5
766,2015.6493150684933,225.0
767,2015.6520547945206,222.7
768,2015.654794520548,231.6
769,2015.6575342465753,228.5
770,2015.6602739726027,228.4
771,2015.66301369863,229.5
772,2015.6657534246576,227.2
773,2015.668493150685,228.6
774,2015.6712328767123,226.2
775,2015.6739726027397,230.3
776,2015.676712328767,233.7
777,2015.6794520547944,239.9
778,2015.682191780822,239.6
779,2015.6849315068494,243.2
780,2015.6876712328767,237.4
781,2015.690410958904,238.1
782,2015.6931506849314,239.9
783,2015.695890410959,235.6
784,2015.6986301369864,230.2
785,2015.7013698630137,229.9
786,2015.704109589041,229.5
787,2015.7068493150684,228.6
788,2015.7095890410958,232.7
789,2015.7123287671234,232.2
790,2015.7150684931507,231.1
791,2015.717808219178,231.1
792,2015.7205479452055,226.3
793,2015.7232876712328,230.0
794,2015.7260273972602,229.9
795,2015.7287671232878,233.8
796,2015.731506849315,235.0
797,2015.7342465753425,234.3
798,2015.7369863013698,232.5
799,2015.7397260273972,238.9
800,2015.7424657534248,236.7
801,2015.7452054794521,235.9
802,2015.7479452054795,237.1
803,2015.7506849315068,236.7
804,2015.7534246575342,238.6
805,2015.7561643835616,238.3
806,2015.7589041095891,240.1
807,2015.7616438356165,246.1
808,2015.7643835616439,243.0
809,2015.7671232876712,242.6
810,2015.7698630136986,244.0
811,2015.772602739726,245.4
812,2015.7753424657535,247.6
813,2015.7780821917809,245.4
814,2015.7808219178082,248.8
815,2015.7835616438356,252.3
816,2015.786301369863,254.4
817,2015.7890410958903,262.9
818,2015.7917808219179,269.6
819,2015.7945205479452,261.7
820,2015.7972602739726,263.8
821,2015.8,269.8
822,2015.8027397260273,267.1
823,2015.805479452055,274.4
824,2015.8082191780823,276.9
825,2015.8109589041096,282.6
826,2015.813698630137,287.9
827,2015.8164383561643,285.1
828,2015.8191780821917,294.7
829,2015.8219178082193,303.5
830,2015.8246575342466,313.6
831,2015.827397260274,327.1
832,2015.8301369863013,311.2
833,2015.8328767123287,323.0
834,2015.835616438356,359.3
835,2015.8383561643836,396.5
836,2015.841095890411,400.9
837,2015.8438356164384,382.7
838,2015.8465753424657,369.8
839,2015.849315068493,385.1
840,2015.8520547945207,371.6
841,2015.854794520548,380.2
842,2015.8575342465754,336.7
843,2015.8602739726027,304.7
844,2015.86301369863,333.9
845,2015.8657534246574,333.8
846,2015.868493150685,331.8
847,2015.8712328767124,317.5
848,2015.8739726027397,330.2
849,2015.876712328767,333.9
850,2015.8794520547945,335.9
851,2015.8821917808218,325.0
852,2015.8849315068494,321.1
853,2015.8876712328768,324.7
854,2015.890410958904,322.8
855,2015.8931506849315,322.1
856,2015.8958904109588,318.4
857,2015.8986301369864,327.5
858,2015.9013698630138,353.7
859,2015.9041095890411,359.5
860,2015.9068493150685,355.8
861,2015.9095890410958,370.8
862,2015.9123287671232,378.0
863,2015.9150684931508,361.8
864,2015.9178082191781,360.0
865,2015.9205479452055,360.3
866,2015.9232876712329,361.7
867,2015.9260273972602,386.7
868,2015.9287671232876,393.4
869,2015.9315068493152,394.3
870,2015.9342465753425,410.7
871,2015.9369863013699,416.0
872,2015.9397260273972,415.5
873,2015.9424657534246,449.8
874,2015.945205479452,432.3
875,2015.9479452054795,434.7
876,2015.9506849315069,442.0
877,2015.9534246575342,462.6
878,2015.9561643835616,454.0
879,2015.958904109589,455.5
880,2015.9616438356165,463.2
881,2015.964383561644,461.2
882,2015.9671232876713,441.8
883,2015.9698630136986,437.6
884,2015.972602739726,437.0
885,2015.9753424657533,442.4
886,2015.978082191781,453.0
887,2015.9808219178083,454.0
888,2015.9835616438356,415.4
889,2015.986301369863,422.4
890,2015.9890410958903,421.8
891,2015.9917808219177,431.9
892,2015.9945205479453,427.1
893,2015.9972602739726,430.0
894,2016.0,434.0
895,2016.0027322404371,433.7
896,2016.0054644808743,430.7
897,2016.0081967213114,433.3
898,2016.0109289617487,431.2
899,2016.0136612021859,430.8
900,2016.016393442623,457.0
901,2016.01912568306,452.9
902,2016.0218579234972,448.3
903,2016.0245901639344,446.2
904,2016.0273224043715,447.7
905,2016.0300546448088,445.0
906,2016.032786885246,432.2
907,2016.035519125683,429.1
908,2016.0382513661202,372.3
909,2016.0409836065573,385.0
910,2016.0437158469945,382.5
911,2016.0464480874316,384.4
912,2016.049180327869,379.5
913,2016.051912568306,414.6
914,2016.0546448087432,410.2
915,2016.0573770491803,382.6
916,2016.0601092896175,388.6
917,2016.0628415300546,402.1
918,2016.0655737704917,392.8
919,2016.068306010929,389.8
920,2016.0710382513662,395.0
921,2016.0737704918033,379.7
922,2016.0765027322404,380.3
923,2016.0792349726776,377.8
924,2016.0819672131147,369.8
925,2016.0846994535518,372.2
926,2016.0874316939892,373.9
927,2016.0901639344263,368.0
928,2016.0928961748634,390.6
929,2016.0956284153006,386.5
930,2016.0983606557377,376.7
931,2016.1010928961748,377.9
932,2016.103825136612,372.6
933,2016.1065573770493,375.3
934,2016.1092896174864,381.9
935,2016.1120218579235,379.5
936,2016.1147540983607,384.0
937,2016.1174863387978,390.1
938,2016.120218579235,405.5
939,2016.122950819672,401.1
940,2016.1256830601094,406.4
941,2016.1284153005465,417.1
942,2016.1311475409836,421.4
943,2016.1338797814208,420.0
944,2016.136612021858,440.1
945,2016.139344262295,437.9
946,2016.1420765027322,437.8
947,2016.1448087431695,419.9
948,2016.1475409836066,422.7
949,2016.1502732240438,423.5
950,2016.1530054644809,427.3
951,2016.155737704918,431.3
952,2016.1584699453551,432.5
953,2016.1612021857923,436.2
954,2016.1639344262296,434.0
955,2016.1666666666667,425.4
956,2016.1693989071039,419.6
957,2016.172131147541,409.5
958,2016.1748633879781,399.0
959,2016.1775956284152,406.0
960,2016.1803278688524,414.9
961,2016.1830601092897,411.9
962,2016.1857923497269,412.8
963,2016.188524590164,415.8
964,2016.191256830601,419.1
965,2016.1939890710382,410.4
966,2016.1967213114754,412.4
967,2016.1994535519125,414.3
968,2016.2021857923498,415.1
969,2016.204918032787,415.9
970,2016.207650273224,418.2
971,2016.2103825136612,408.2
972,2016.2131147540983,408.7
973,2016.2158469945355,411.5
974,2016.2185792349726,411.1
975,2016.22131147541,416.2
976,2016.224043715847,417.0
977,2016.2267759562842,414.7
978,2016.2295081967213,415.7
979,2016.2322404371585,416.5
980,2016.2349726775956,424.6
981,2016.2377049180327,422.2
982,2016.24043715847,415.0
983,2016.2431693989072,412.4
984,2016.2459016393443,415.7
985,2016.2486338797814,415.6
986,2016.2513661202186,418.5
987,2016.2540983606557,419.1
988,2016.2568306010928,419.3
989,2016.25956284153,422.1
990,2016.2622950819673,421.3
991,2016.2650273224044,420.1
992,2016.2677595628415,417.7
993,2016.2704918032787,418.0
994,2016.2732240437158,420.3
995,2016.275956284153,421.4
996,2016.27868852459,424.7
997,2016.2814207650274,423.5
998,2016.2841530054645,424.0
999,2016.2868852459017,428.7
1000,2016.2896174863388,430.0
1001,2016.292349726776,426.3
1002,2016.295081967213,427.7
1003,2016.2978142076502,434.9
1004,2016.3005464480875,441.2
1005,2016.3032786885246,449.3
1006,2016.3060109289618,445.3
1007,2016.308743169399,450.1
1008,2016.311475409836,457.6
1009,2016.3142076502731,461.7
1010,2016.3169398907103,466.0
1011,2016.3196721311476,447.0
1012,2016.3224043715848,448.5
1013,2016.3251366120219,455.0
1014,2016.327868852459,448.5
1015,2016.3306010928961,452.2
1016,2016.3333333333333,444.2
1017,2016.3360655737704,450.3
1018,2016.3387978142077,445.8
1019,2016.3415300546449,448.1
1020,2016.344262295082,459.6
1021,2016.3469945355191,458.5
1022,2016.3497267759562,457.9
1023,2016.3524590163934,460.4
1024,2016.3551912568305,449.4
1025,2016.3579234972678,452.5
1026,2016.360655737705,454.4
1027,2016.363387978142,455.4
1028,2016.3661202185792,456.4
1029,2016.3689663023679,458.1
1030,2016.371698542805,454.9
1031,2016.3744307832424,453.3
1032,2016.3771630236795,454.2
1033,2016.3798952641166,442.7
1034,2016.3826275045537,442.1
1035,2016.3853597449909,443.6
1036,2016.388091985428,439.6
1037,2016.3908242258651,443.7
1038,2016.3935564663025,446.1
1039,2016.3962887067396,449.8
1040,2016.3990209471767,453.3
1041,2016.4017531876138,474.0
1042,2016.404485428051,524.2
1043,2016.407217668488,516.0
1044,2016.4099499089252,532.3
1045,2016.4126821493626,528.9
1046,2016.4154143897997,537.4
1047,2016.4181466302368,537.1
1048,2016.420878870674,567.0
1049,2016.423611111111,572.0
1050,2016.4263433515482,574.9
1051,2016.4290755919853,583.6
1052,2016.4318078324227,575.6
1053,2016.4345400728598,580.5
1054,2016.437272313297,574.7
1055,2016.440004553734,577.9
1056,2016.4427367941712,591.6
1057,2016.4454690346083,666.5
1058,2016.4482012750454,700.1
1059,2016.4509335154828,685.1
1060,2016.45366575592,690.8
1061,2016.456397996357,761.2
1062,2016.4591302367942,743.9
1063,2016.4618624772313,753.8
1064,2016.4645947176684,761.0
1065,2016.4673269581056,734.0
1066,2016.470059198543,667.4
1067,2016.47279143898,590.6
1068,2016.4755236794172,620.8
1069,2016.4782559198543,656.9
1070,2016.4809881602914,663.5
1071,2016.4837204007285,625.4
1072,2016.4864526411657,644.7
1073,2016.489184881603,644.9
1074,2016.4919171220401,636.5
1075,2016.4946493624773,670.0
1076,2016.4973816029144,674.6
1077,2016.5001138433515,698.1
1078,2016.5028460837887,661.6
1079,2016.5055783242258,675.2
1080,2016.5083105646631,663.7
1081,2016.5110428051003,672.7
1082,2016.5137750455374,635.3
1083,2016.5165072859745,662.8
1084,2016.5192395264116,651.8
1085,2016.5219717668488,647.1
1086,2016.524704007286,646.7
1087,2016.5274362477232,670.6
1088,2016.5301684881604,661.2
1089,2016.5329007285975,657.3
1090,2016.5356329690346,664.2
1091,2016.5383652094717,660.7
1092,2016.5410974499089,676.3
1093,2016.543829690346,670.4
1094,2016.5465619307834,671.1
1095,2016.5492941712205,664.4
1096,2016.5520264116576,664.6
1097,2016.5547586520947,651.1
1098,2016.5574908925319,655.2
1099,2016.560223132969,659.3
1100,2016.562955373406,654.0
1101,2016.5656876138432,654.4
1102,2016.5684198542806,654.5
1103,2016.5711520947177,654.1
1104,2016.5738843351548,655.4
1105,2016.576616575592,654.7
1106,2016.579348816029,621.9
1107,2016.5820810564662,607.0
1108,2016.5848132969033,513.4
1109,2016.5875455373407,566.4
1110,2016.5902777777778,576.2
1111,2016.593010018215,574.7
1112,2016.595742258652,586.5
1113,2016.5984744990892,590.8
1114,2016.6012067395263,589.2
1115,2016.6039389799635,585.3
1116,2016.6066712204008,590.9
1117,2016.609403460838,587.8
1118,2016.612135701275,587.1
1119,2016.6148679417122,584.6
1120,2016.6176001821493,569.1
1121,2016.620218579235,567.0
1122,2016.622950819672,580.2
1123,2016.6256830601094,572.3
1124,2016.6284153005465,573.4
1125,2016.6311475409836,574.6
1126,2016.6338797814208,582.6
1127,2016.636612021858,580.7
1128,2016.639344262295,587.5
1129,2016.6420765027322,583.6
1130,2016.6448087431695,579.7
1131,2016.6475409836066,578.0
1132,2016.6502732240438,579.4
1133,2016.6530054644809,570.3
1134,2016.655737704918,575.0
1135,2016.6584699453551,574.2
1136,2016.6612021857923,577.3
1137,2016.6639344262296,573.9
1138,2016.6666666666667,572.0
1139,2016.6693989071039,575.3
1140,2016.672131147541,598.8
1141,2016.6748633879781,609.5
1142,2016.6775956284152,605.8
1143,2016.6803278688524,610.4
1144,2016.6830601092897,613.2
1145,2016.6857923497269,625.6
1146,2016.688524590164,623.2
1147,2016.691256830601,624.5
1148,2016.6939890710382,605.6
1149,2016.6967213114754,608.0
1150,2016.6994535519125,608.6
1151,2016.7021857923498,609.5
1152,2016.704918032787,608.1
1153,2016.707650273224,607.8
1154,2016.7103825136612,607.1
1155,2016.7131147540983,610.7
1156,2016.7158469945355,609.8
1157,2016.7185792349726,609.2
1158,2016.72131147541,597.2
1159,2016.724043715847,595.6
1160,2016.7267759562842,602.9
1161,2016.7295081967213,602.6
1162,2016.7322404371585,601.5
1163,2016.7349726775956,606.5
1164,2016.7377049180327,605.5
1165,2016.74043715847,604.7
1166,2016.7431693989072,604.7
1167,2016.7459016393443,608.1
1168,2016.7486338797814,613.4
1169,2016.7513661202186,610.7
1170,2016.7540983606557,611.6
1171,2016.7568306010928,609.0
1172,2016.75956284153,611.8
1173,2016.7622950819673,611.0
1174,2016.7650273224044,616.0
1175,2016.7677595628415,617.7
1176,2016.7704918032787,615.8
1177,2016.7732240437158,617.3
1178,2016.775956284153,640.5
1179,2016.77868852459,636.0
1180,2016.7814207650274,635.6
1181,2016.7841530054645,637.9
1182,2016.7868852459017,637.0
1183,2016.7896174863388,640.1
1184,2016.792349726776,637.4
1185,2016.795081967213,635.3
1186,2016.7978142076502,629.1
1187,2016.8005464480875,628.3
1188,2016.8032786885246,630.5
1189,2016.8060109289618,655.5
1190,2016.808743169399,653.0
1191,2016.811475409836,650.5
1192,2016.8142076502731,651.0
1193,2016.8169398907103,674.7
1194,2016.8196721311476,682.3
1195,2016.8224043715848,686.2
1196,2016.8251366120219,715.0
1197,2016.827868852459,697.3
1198,2016.8306010928961,698.7
1199,2016.8333333333333,726.8
1200,2016.8360655737704,733.5
1201,2016.8387978142077,684.9
1202,2016.8415300546449,702.1
1203,2016.844262295082,702.1
1204,2016.8469945355191,709.9
1205,2016.8497267759562,705.4
1206,2016.8524590163934,710.9
1207,2016.8551912568305,721.4
1208,2016.8579234972678,714.6
1209,2016.860655737705,715.0
1210,2016.863387978142,704.3
1211,2016.8661202185792,702.0
1212,2016.8688524590164,704.6
1213,2016.8715846994535,711.1
1214,2016.8743169398906,740.3
1215,2016.877049180328,737.5
1216,2016.879781420765,747.0
1217,2016.8825136612022,747.9
1218,2016.8852459016393,728.5
1219,2016.8879781420765,736.2
1220,2016.8907103825136,749.3
1221,2016.8934426229507,741.1
1222,2016.896174863388,735.3
1223,2016.8989071038252,740.4
1224,2016.9016393442623,734.1
1225,2016.9043715846994,729.4
1226,2016.9071038251366,733.3
1227,2016.9098360655737,732.6
1228,2016.9125683060108,742.5
1229,2016.9153005464482,752.6
1230,2016.9180327868853,770.9
1231,2016.9207650273224,764.2
1232,2016.9234972677596,766.4
1233,2016.9262295081967,754.3
1234,2016.9289617486338,758.2
1235,2016.931693989071,765.6
1236,2016.9344262295083,768.5
1237,2016.9371584699454,770.5
1238,2016.9398907103825,774.0
1239,2016.9426229508197,767.9
1240,2016.9453551912568,778.5
1241,2016.948087431694,778.7
1242,2016.950819672131,776.5
1243,2016.9535519125684,775.2
1244,2016.9562841530055,782.0
1245,2016.9590163934427,787.2
1246,2016.9617486338798,789.0
1247,2016.964480874317,789.8
1248,2016.967213114754,799.1
1249,2016.9699453551912,829.2
1250,2016.9726775956285,860.2
1251,2016.9754098360656,917.2
1252,2016.9781420765028,891.1
1253,2016.98087431694,891.1
1254,2016.983606557377,898.4
1255,2016.9863387978141,925.8
1256,2016.9890710382513,972.2
1257,2016.9918032786886,971.1
1258,2016.9945355191257,959.0
1259,2016.9972677595629,963.4
1260,2017.0,995.4
1261,2017.0027397260274,1017.0
1262,2017.0054794520547,1033.3
1263,2017.0082191780823,1135.4
1264,2017.0109589041097,989.3
1265,2017.013698630137,886.2
1266,2017.0164383561644,888.9
1267,2017.0191780821917,900.9
1268,2017.021917808219,899.8
1269,2017.0246575342467,904.4
1270,2017.027397260274,785.4
1271,2017.0301369863014,810.1
1272,2017.0328767123287,824.8
1273,2017.035616438356,819.6
1274,2017.0383561643835,821.2
1275,2017.041095890411,827.3
1276,2017.0438356164384,899.7
1277,2017.0465753424658,872.0
1278,2017.0493150684931,895.2
1279,2017.0520547945205,892.9
1280,2017.054794520548,919.8
1281,2017.0575342465754,918.8
1282,2017.0602739726028,921.5
1283,2017.0630136986301,893.8
1284,2017.0657534246575,894.4
1285,2017.0684931506848,915.6
1286,2017.0712328767124,918.0
1287,2017.0739726027398,918.5
1288,2017.0767123287671,914.5
1289,2017.0794520547945,920.7
1290,2017.0821917808219,965.5
1291,2017.0849315068492,982.4
1292,2017.0876712328768,1004.0
1293,2017.0904109589042,1013.0
1294,2017.0931506849315,1031.8
1295,2017.0958904109589,1016.1
1296,2017.0986301369862,1024.7
1297,2017.1013698630136,1049.6
1298,2017.1041095890412,1055.5
1299,2017.1068493150685,979.0
1300,2017.109589041096,997.6
1301,2017.1123287671232,1008.3
1302,2017.1150684931506,996.5
1303,2017.1178082191782,995.4
1304,2017.1205479452055,1008.3
1305,2017.123287671233,1008.2
1306,2017.1260273972603,1031.9
1307,2017.1287671232876,1049.4
1308,2017.131506849315,1052.3
1309,2017.1342465753426,1048.9
1310,2017.13698630137,1077.6
1311,2017.1397260273973,1119.0
1312,2017.1424657534246,1120.5
1313,2017.145205479452,1171.9
1314,2017.1479452054793,1176.5
1315,2017.150684931507,1149.1
1316,2017.1534246575343,1171.6
1317,2017.1561643835616,1188.8
1318,2017.158904109589,1189.3
1319,2017.1616438356164,1222.7
1320,2017.164383561644,1255.5
1321,2017.1671232876713,1283.3
1322,2017.1698630136987,1264.3
1323,2017.172602739726,1271.2
1324,2017.1753424657534,1277.0
1325,2017.1780821917807,1232.7
1326,2017.1808219178083,1147.0
1327,2017.1835616438357,1191.3
1328,2017.186301369863,1112.4
1329,2017.1890410958904,1179.2
1330,2017.1917808219177,1225.1
1331,2017.194520547945,1238.2
1332,2017.1972602739727,1243.1
1333,2017.2,1253.4
1334,2017.2027397260274,1172.9
1335,2017.2054794520548,1071.7
1336,2017.2082191780821,971.4
1337,2017.2109589041097,1022.6
1338,2017.213698630137,1047.5
1339,2017.2164383561644,1121.3
1340,2017.2191780821918,1044.7
1341,2017.2219178082191,1035.0
1342,2017.2246575342465,939.7
1343,2017.227397260274,966.3
1344,2017.2301369863014,969.4
1345,2017.2328767123288,1045.1
1346,2017.2356164383561,1044.4
1347,2017.2383561643835,1041.9
1348,2017.2410958904109,1037.9
1349,2017.2438356164384,1079.1
1350,2017.2465753424658,1086.1
1351,2017.2493150684932,1097.4
1352,2017.2520547945205,1147.6
1353,2017.2547945205479,1141.8
1354,2017.2575342465752,1129.9
1355,2017.2602739726028,1188.7
1356,2017.2630136986302,1190.5
1357,2017.2657534246575,1180.8
1358,2017.268493150685,1204.3
1359,2017.2712328767122,1206.7
1360,2017.2739726027398,1220.7
1361,2017.2767123287672,1212.5
1362,2017.2794520547945,1176.2
1363,2017.282191780822,1177.3
1364,2017.2849315068493,1177.0
1365,2017.2876712328766,1176.8
1366,2017.2904109589042,1194.0
1367,2017.2931506849316,1206.1
1368,2017.295890410959,1215.2
1369,2017.2986301369863,1238.1
1370,2017.3013698630136,1249.6
1371,2017.304109589041,1240.9
1372,2017.3068493150686,1249.1
1373,2017.309589041096,1248.2
1374,2017.3123287671233,1264.3
1375,2017.3150684931506,1286.6
1376,2017.317808219178,1332.9
1377,2017.3205479452056,1329.6
1378,2017.323287671233,1336.3
1379,2017.3260273972603,1351.9
1380,2017.3287671232877,1415.8
1381,2017.331506849315,1445.9
1382,2017.3342465753424,1485.6
1383,2017.33698630137,1516.8
1384,2017.3397260273973,1507.8
1385,2017.3424657534247,1545.3
1386,2017.345205479452,1554.4
1387,2017.3479452054794,1664.5
1388,2017.3506849315067,1697.5
1389,2017.3534246575343,1752.3
1390,2017.3561643835617,1819.3
1391,2017.358904109589,1686.4
1392,2017.3616438356164,1763.7
1393,2017.364497716895,1772.6
1394,2017.3672374429225,1708.9
1395,2017.3699771689498,1729.3
1396,2017.3727168949772,1801.3
1397,2017.3754566210046,1881.0
1398,2017.378196347032,1962.0
1399,2017.3809360730593,2040.2
1400,2017.3836757990869,2044.2
1401,2017.3864155251142,2124.4
1402,2017.3891552511416,2272.6
1403,2017.391894977169,2445.3
1404,2017.3946347031963,2307.2
1405,2017.3973744292236,2244.9
1406,2017.4001141552512,2052.4
1407,2017.4028538812786,2189.0
1408,2017.405593607306,2278.2
1409,2017.4083333333333,2192.6
1410,2017.4110730593607,2303.3
1411,2017.413812785388,2412.6
1412,2017.4165525114156,2492.6
1413,2017.419292237443,2545.4
1414,2017.4220319634703,2524.1
1415,2017.4247716894977,2705.0
1416,2017.427511415525,2870.5
1417,2017.4302511415526,2691.5
1418,2017.43299086758,2798.8
1419,2017.4357305936073,2811.4
1420,2017.4384703196347,2900.3
1421,2017.441210045662,2973.4
1422,2017.4439497716894,2656.8
1423,2017.446689497717,2713.0
1424,2017.4494292237443,2467.3
1425,2017.4521689497717,2442.5
1426,2017.454908675799,2508.6
1427,2017.4576484018264,2655.1
1428,2017.4603881278538,2539.6
1429,2017.4631278538814,2616.8
1430,2017.4658675799087,2754.4
1431,2017.468607305936,2677.6
1432,2017.4713470319634,2722.8
1433,2017.4740867579908,2710.4
1434,2017.4768264840184,2590.1
1435,2017.4795662100457,2541.6
1436,2017.482305936073,2446.1
1437,2017.4850456621004,2583.8
1438,2017.4877853881278,2577.7
1439,2017.4905251141552,2558.4
1440,2017.4932648401827,2480.6
1441,2017.49600456621,2424.6
1442,2017.4987442922375,2536.5
1443,2017.5014840182648,2572.5
1444,2017.5042237442922,2617.3
1445,2017.5069634703195,2627.9
1446,2017.5097031963471,2614.2
1447,2017.5124429223745,2513.9
1448,2017.5151826484018,2564.9
1449,2017.5179223744292,2511.4
1450,2017.5206621004565,2344.0
1451,2017.523401826484,2324.3
1452,2017.5261415525115,2403.1
1453,2017.5288812785388,2362.4
1454,2017.5316210045662,2234.2
1455,2017.5343607305936,1975.1
1456,2017.537100456621,1914.1
1457,2017.5398401826485,2233.4
1458,2017.5425799086759,2320.2
1459,2017.5453196347032,2282.6
1460,2017.5480593607306,2866.0
1461,2017.550799086758,2675.1
1462,2017.5535388127853,2836.5
1463,2017.5562785388129,2756.6
1464,2017.5590182648402,2763.4
1465,2017.5617579908676,2582.6
1466,2017.564497716895,2559.2
1467,2017.5672374429223,2691.9
1468,2017.5699771689497,2806.8
1469,2017.5727168949772,2733.5
1470,2017.5754566210046,2766.5
1471,2017.578196347032,2883.3
1472,2017.5809360730593,2747.0
1473,2017.5836757990867,2720.5
1474,2017.5864155251143,2810.0
1475,2017.5891552511416,2878.5
1476,2017.591894977169,3262.8
1477,2017.5946347031963,3232.0
1478,2017.5973744292237,3401.9
1479,2017.600114155251,3429.4
1480,2017.6028538812786,3348.8
1481,2017.605593607306,3425.7
1482,2017.6083333333333,3654.4
1483,2017.6110730593607,3871.6
1484,2017.613812785388,4062.6
1485,2017.6164383561643,4327.9
1486,2017.6191780821919,4161.7
1487,2017.6219178082192,4387.4
1488,2017.6246575342466,4278.9
1489,2017.627397260274,4105.4
1490,2017.6301369863013,4150.5
1491,2017.6328767123289,4066.6
1492,2017.6356164383562,4005.1
1493,2017.6383561643836,4089.7
1494,2017.641095890411,4141.1
1495,2017.6438356164383,4318.4
1496,2017.6465753424657,4364.4
1497,2017.6493150684933,4352.3
1498,2017.6520547945206,4345.8
1499,2017.654794520548,4390.3
1500,2017.6575342465753,4597.3
1501,2017.6602739726027,4583.0
1502,2017.66301369863,4735.1
1503,2017.6657534246576,4921.9
1504,2017.668493150685,4573.8
1505,2017.6712328767123,4612.9
1506,2017.6739726027397,4267.5
1507,2017.676712328767,4409.1
1508,2017.6794520547944,4618.7
1509,2017.682191780822,4635.6
1510,2017.6849315068494,4326.5
1511,2017.6876712328767,4335.1
1512,2017.690410958904,4245.9
1513,2017.6931506849314,4217.9
1514,2017.695890410959,4158.9
1515,2017.6986301369864,3870.3
1516,2017.7013698630137,3243.1
1517,2017.704109589041,3713.8
1518,2017.7068493150684,3698.9
1519,2017.7095890410958,3689.6
1520,2017.7123287671234,4100.3
1521,2017.7150684931507,3908.0
1522,2017.717808219178,3882.2
1523,2017.7205479452055,3617.3
1524,2017.7232876712328,3600.8
1525,2017.7260273972602,3788.0
1526,2017.7287671232878,3667.5
1527,2017.731506849315,3932.8
1528,2017.7342465753425,3892.7
1529,2017.7369863013698,4212.2
1530,2017.7397260273972,4195.6
1531,2017.7424657534248,4172.8
1532,2017.7452054794521,4360.6
1533,2017.7479452054795,4403.1
1534,2017.7506849315068,4401.3
1535,2017.7534246575342,4314.2
1536,2017.7561643835616,4218.7
1537,2017.7589041095891,4321.4
1538,2017.7616438356165,4371.9
1539,2017.7643835616439,4435.8
1540,2017.7671232876712,4611.7
1541,2017.7698630136986,4777.5
1542,2017.772602739726,4763.4
1543,2017.7753424657535,4824.2
1544,2017.7780821917809,5432.6
1545,2017.7808219178082,5637.3
1546,2017.7835616438356,5824.7
1547,2017.786301369863,5688.1
1548,2017.7890410958903,5759.3
1549,2017.7917808219179,5598.6
1550,2017.7945205479452,5575.8
1551,2017.7972602739726,5698.6
1552,2017.8,5993.1
1553,2017.8027397260273,6006.6
1554,2017.805479452055,5982.9
1555,2017.8082191780823,5903.6
1556,2017.8109589041096,5513.1
1557,2017.813698630137,5734.0
1558,2017.8164383561643,5887.6
1559,2017.8191780821917,5764.6
1560,2017.8219178082193,5726.6
1561,2017.8246575342466,6147.5
1562,2017.827397260274,6124.3
1563,2017.8301369863013,6451.2
1564,2017.8328767123287,6737.8
1565,2017.835616438356,7024.8
1566,2017.8383561643836,7152.1
1567,2017.841095890411,7363.8
1568,2017.8438356164384,7389.5
1569,2017.8465753424657,6959.2
1570,2017.849315068493,7102.8
1571,2017.8520547945207,7444.4
1572,2017.854794520548,7129.6
1573,2017.8575342465754,6565.8
1574,2017.8602739726027,6339.9
1575,2017.86301369863,5878.1
1576,2017.8657534246574,6522.5
1577,2017.868493150685,6597.1
1578,2017.8712328767124,7283.2
1579,2017.8739726027397,7853.7
1580,2017.876712328767,7700.0
1581,2017.8794520547945,7780.9
1582,2017.8821917808218,8042.6
1583,2017.8849315068494,8244.7
1584,2017.8876712328768,8100.0
1585,2017.890410958904,8234.5
1586,2017.8931506849315,8013.4
1587,2017.8958904109588,8200.8
1588,2017.8986301369864,8754.7
1589,2017.9013698630138,9318.4
1590,2017.9041095890411,9733.2
1591,2017.9068493150685,9906.0
1592,2017.9095890410958,9837.9
1593,2017.9123287671232,9946.8
1594,2017.9150684931508,10861.5
1595,2017.9178082191781,10912.7
1596,2017.9205479452055,11246.2
1597,2017.9232876712329,11623.9
1598,2017.9260273972602,11667.1
1599,2017.9287671232876,13749.6
1600,2017.9315068493152,16850.3
1601,2017.9342465753425,16047.6
1602,2017.9369863013699,14843.4
1603,2017.9397260273972,15059.6
1604,2017.9424657534246,16732.5
1605,2017.945205479452,17083.9
1606,2017.9479452054795,16286.8
1607,2017.9506849315069,16467.9
1608,2017.9534246575342,17604.8
1609,2017.9561643835616,19345.5
1610,2017.958904109589,19065.7
1611,2017.9616438356165,18972.3
1612,2017.964383561644,17523.7
1613,2017.9671232876713,16462.0
1614,2017.9698630136986,15632.1
1615,2017.972602739726,13665.0
1616,2017.9753424657533,14396.5
1617,2017.978082191781,13790.0
1618,2017.9808219178083,13833.5
1619,2017.9835616438356,15756.6
1620,2017.986301369863,15416.6
1621,2017.9890410958903,14398.7
1622,2017.9917808219177,14392.6
1623,2017.9945205479453,12531.5
1624,2017.9972602739726,13850.4
1625,2018.0,13444.9
1626,2018.0027397260274,14754.1
1627,2018.0054794520547,15156.6
1628,2018.0082191780823,15180.1
1629,2018.0109589041097,16954.8
1630,2018.013698630137,17172.3
1631,2018.0164383561644,16228.2
1632,2018.0191780821917,14976.2
1633,2018.021917808219,14778.5
1634,2018.0246575342467,15043.0
1635,2018.027397260274,13535.4
1636,2018.0301369863014,13886.7
1637,2018.0328767123287,14292.2
1638,2018.035616438356,13695.2
1639,2018.0383561643835,13697.5
1640,2018.041095890411,11362.0
1641,2018.0438356164384,11192.3
1642,2018.0465753424658,11245.4
1643,2018.0493150684931,11580.2
1644,2018.0520547945205,12858.9
1645,2018.054794520548,11594.9
1646,2018.0575342465754,10864.8
1647,2018.0602739726028,10903.2
1648,2018.0630136986301,11452.3
1649,2018.0657534246575,11203.0
1650,2018.0684931506848,11118.1
1651,2018.0712328767124,11467.5
1652,2018.0739726027398,11795.1
1653,2018.0767123287671,11244.8
1654,2018.0794520547945,10166.0
1655,2018.0821917808219,10265.4
1656,2018.0849315068492,9181.1
1657,2018.0876712328768,8893.2
1658,2018.0904109589042,9241.1
1659,2018.0931506849315,8222.2
1660,2018.0958904109589,6938.5
1661,2018.0986301369862,7701.2
1662,2018.1013698630136,7594.7
1663,2018.1041095890412,8164.2
1664,2018.1068493150685,8699.8
1665,2018.109589041096,8559.6
1666,2018.1123287671232,8081.9
1667,2018.1150684931506,8903.5
1668,2018.1178082191782,8539.2
1669,2018.1205479452055,9476.3
1670,2018.123287671233,10037.3
1671,2018.1260273972603,10178.7
1672,2018.1287671232876,11073.5
1673,2018.131506849315,10398.8
1674,2018.1342465753426,11169.4
1675,2018.13698630137,11238.7
1676,2018.1397260273973,10473.0
1677,2018.1424657534246,9841.7
1678,2018.145205479452,10170.4
1679,2018.1479452054793,9704.3
1680,2018.150684931507,9585.2
1681,2018.1534246575343,10285.1
1682,2018.1561643835616,10594.4
1683,2018.158904109589,10333.9
1684,2018.1616438356164,10904.5
1685,2018.164383561644,10827.7
1686,2018.1671232876713,11402.3
1687,2018.1698630136987,11416.5
1688,2018.172602739726,11330.6
1689,2018.1753424657534,10675.1
1690,2018.1780821917807,9902.9
1691,2018.1808219178083,9300.0
1692,2018.1835616438357,9217.0
1693,2018.186301369863,8762.0
1694,2018.1890410958904,9529.6
1695,2018.1917808219177,9137.4
1696,2018.194520547945,9154.9
1697,2018.1972602739727,8210.6
1698,2018.2,8264.4
1699,2018.2027397260274,8289.2
1700,2018.2054794520548,7874.9
1701,2018.2082191780821,8201.2
1702,2018.2109589041097,8616.8
1703,2018.213698630137,8912.6
1704,2018.2164383561644,8905.9
1705,2018.2191780821918,8726.2
1706,2018.2219178082191,8916.8
1707,2018.2246575342465,8547.4
1708,2018.227397260274,8473.2
1709,2018.2301369863014,8143.5
1710,2018.2328767123288,7801.7
1711,2018.2356164383561,7954.9
1712,2018.2383561643835,7129.2
1713,2018.2410958904109,6853.7
1714,2018.2438356164384,6938.2
1715,2018.2465753424658,6825.2
1716,2018.2493150684932,7068.4
1717,2018.2520547945205,7424.2
1718,2018.2547945205479,6808.9
1719,2018.2575342465752,6782.0
1720,2018.2602739726028,6624.3
1721,2018.2630136986302,6905.7
1722,2018.2657534246575,7030.5
1723,2018.268493150685,6781.9
1724,2018.2712328767122,6854.8
1725,2018.2739726027398,6962.1
1726,2018.2767123287672,7926.6
1727,2018.2794520547945,7887.4
1728,2018.282191780822,8004.4
1729,2018.2849315068493,8363.6
1730,2018.2876712328766,8070.0
1731,2018.2904109589042,7908.6
1732,2018.2931506849316,8178.4
1733,2018.295890410959,8290.8
1734,2018.2986301369863,8867.0
1735,2018.3013698630136,8923.1
1736,2018.304109589041,8806.7
1737,2018.3068493150686,8952.8
1738,2018.309589041096,9645.3
1739,2018.3123287671233,8873.1
1740,2018.3150684931506,9287.0
1741,2018.317808219178,8940.9
1742,2018.3205479452056,9352.4
1743,2018.323287671233,9415.1
1744,2018.3260273972603,9245.1
1745,2018.3287671232877,9074.9
1746,2018.331506849315,9243.2
1747,2018.3342465753424,9749.7
1748,2018.33698630137,9708.6
1749,2018.3397260273973,9853.5
1750,2018.3424657534247,9656.4
1751,2018.345205479452,9431.6
1752,2018.3479452054794,9196.4
1753,2018.3506849315067,9319.1
1754,2018.3534246575343,9025.7
1755,2018.3561643835617,8408.3
1756,2018.358904109589,8459.5
1757,2018.3617579908675,8693.5
1758,2018.364497716895,8674.1
1759,2018.3672374429225,8477.0
1760,2018.3699771689498,8344.4
1761,2018.3727168949772,8063.0
1762,2018.3754566210046,8245.7
1763,2018.378196347032,8245.1
1764,2018.3809360730593,8529.0
1765,2018.3836757990869,8403.3
1766,2018.3864155251142,8006.0
1767,2018.3891552511416,7512.3
1768,2018.391894977169,7592.9
1769,2018.3946347031963,7477.7
1770,2018.3973744292236,7361.3
1771,2018.4001141552512,7366.7
1772,2018.4028538812786,7119.3
1773,2018.405593607306,7467.7
1774,2018.4083333333333,7400.1
1775,2018.4110730593607,7502.6
1776,2018.413812785388,7530.8
1777,2018.4165525114156,7646.6
1778,2018.419292237443,7729.3
1779,2018.4220319634703,7504.3
1780,2018.4247716894977,7631.5
1781,2018.427511415525,7661.0
1782,2018.4302511415526,7697.8
1783,2018.43299086758,7622.1
1784,2018.4357305936073,7515.8
1785,2018.4384703196347,6775.1
1786,2018.441210045662,6885.9
1787,2018.4439497716894,6558.2
1788,2018.446689497717,6312.3
1789,2018.4494292237443,6647.1
1790,2018.4521689497717,6410.3
1791,2018.454908675799,6505.8
1792,2018.4576484018264,6460.3
1793,2018.4603881278538,6719.8
1794,2018.4631278538814,6752.4
1795,2018.4658675799087,6765.4
1796,2018.468607305936,6728.0
1797,2018.4713470319634,6055.7
1798,2018.4740867579908,6167.3
1799,2018.4768264840184,6154.6
1800,2018.4795662100457,6256.6
1801,2018.482305936073,6082.1
1802,2018.4850456621004,6154.9
1803,2018.4877853881278,5883.5
1804,2018.4905251141552,6213.3
1805,2018.4932648401827,6398.9
1806,2018.49600456621,6366.8
1807,2018.4987442922375,6619.5
1808,2018.5014840182648,6513.5
1809,2018.5042237442922,6598.4
1810,2018.5069634703195,6546.5
1811,2018.5097031963471,6617.7
1812,2018.5124429223745,6765.5
1813,2018.5151826484018,6714.8
1814,2018.5179223744292,6667.1
1815,2018.5206621004565,6307.2
1816,2018.523401826484,6389.1
1817,2018.5261415525115,6250.6
1818,2018.5288812785388,6230.2
1819,2018.5316210045662,6254.8
1820,2018.5343607305936,6362.9
1821,2018.537100456621,6729.9
1822,2018.5398401826485,7322.0
1823,2018.5425799086759,7383.6
1824,2018.5453196347032,7477.5
1825,2018.5480593607306,7339.4
1826,2018.550799086758,7408.7
1827,2018.5535388127853,7412.3
1828,2018.5562785388129,7723.0
1829,2018.5590182648402,8407.0
1830,2018.5617579908676,8173.7
1831,2018.564497716895,7937.0
1832,2018.5672374429223,8187.4
1833,2018.5699771689497,8234.1
1834,2018.5727168949772,8215.6
1835,2018.5754566210046,8177.1
1836,2018.578196347032,7729.4
1837,2018.5809360730593,7606.4
1838,2018.5836757990867,7535.6
1839,2018.5864155251143,7419.0
1840,2018.5891552511416,7014.3
1841,2018.591894977169,7027.1
1842,2018.5946347031963,6943.6
1843,2018.5973744292237,6724.9
1844,2018.600114155251,6283.6
1845,2018.6028538812786,6538.8
1846,2018.605593607306,6152.3
1847,2018.6083333333333,6231.6
1848,2018.6110730593607,6313.0
1849,2018.613698630137,6255.3
1850,2018.6164383561643,6190.2
1851,2018.6191780821919,6256.9
1852,2018.6219178082192,6306.7
1853,2018.6246575342466,6581.7
1854,2018.627397260274,6379.1
1855,2018.6301369863013,6481.5
1856,2018.6328767123289,6268.1
1857,2018.6356164383562,6482.2
1858,2018.6383561643836,6359.6
1859,2018.641095890411,6521.2
1860,2018.6438356164383,6680.4
1861,2018.6465753424657,6734.8
1862,2018.6493150684933,6712.7
1863,2018.6520547945206,6897.6
1864,2018.654794520548,7074.6
1865,2018.6575342465753,7029.1
1866,2018.6602739726027,6993.7
1867,2018.66301369863,7033.8
1868,2018.6657534246576,7189.6
1869,2018.668493150685,7293.9
1870,2018.6712328767123,7264.2
1871,2018.6739726027397,7377.5
1872,2018.676712328767,6706.8
1873,2018.6794520547944,6514.0
1874,2018.682191780822,6390.9
1875,2018.6849315068494,6184.3
1876,2018.6876712328767,6238.5
1877,2018.690410958904,6321.0
1878,2018.6931506849314,6293.9
1879,2018.695890410959,6338.0
1880,2018.6986301369864,6482.9
1881,2018.7013698630137,6483.7
1882,2018.704109589041,6519.0
1883,2018.7068493150684,6500.2
1884,2018.7095890410958,6251.9
1885,2018.7123287671234,6342.0
1886,2018.7150684931507,6390.4
1887,2018.717808219178,6489.2
1888,2018.7205479452055,6766.7
1889,2018.7232876712328,6729.6
1890,2018.7260273972602,6704.1
1891,2018.7287671232878,6584.1
1892,2018.731506849315,6445.1
1893,2018.7342465753425,6468.1
1894,2018.7369863013698,6689.2
1895,2018.7397260273972,6636.0
1896,2018.7424657534248,6603.9
1897,2018.7452054794521,6635.2
1898,2018.7479452054795,6608.2
1899,2018.7506849315068,6549.9
1900,2018.7534246575342,6507.8
1901,2018.7561643835616,6584.2
1902,2018.7589041095891,6639.1
1903,2018.7616438356165,6596.3
1904,2018.7643835616439,6611.0
1905,2018.7671232876712,6669.6
1906,2018.7698630136986,6650.8
1907,2018.772602739726,6618.0
1908,2018.7753424657535,6239.1
1909,2018.7780821917809,6291.3
1910,2018.7808219178082,6321.7
1911,2018.7835616438356,6326.8
1912,2018.786301369863,6699.8
1913,2018.7890410958903,6705.3
1914,2018.7917808219179,6686.6
1915,2018.7945205479452,6574.1
1916,2018.7972602739726,6512.0
1917,2018.8,6572.2
1918,2018.8027397260273,6583.0
1919,2018.805479452055,6555.8
1920,2018.8082191780823,6528.7
1921,2018.8109589041096,6530.7
1922,2018.813698630137,6507.0
1923,2018.8164383561643,6510.0
1924,2018.8191780821917,6494.2
1925,2018.8219178082193,6486.1
1926,2018.8246575342466,6335.0
1927,2018.827397260274,6325.7
1928,2018.8301369863013,6365.9
1929,2018.8328767123287,6400.5
1930,2018.835616438356,6424.7
1931,2018.8383561643836,6386.2
1932,2018.841095890411,6478.2
1933,2018.8438356164384,6459.7
1934,2018.8465753424657,6502.8
1935,2018.849315068493,6565.3
1936,2018.8520547945207,6474.0
1937,2018.854794520548,6412.0
1938,2018.8575342465754,6427.1
1939,2018.8602739726027,6446.1
1940,2018.86301369863,6435.0
1941,2018.8657534246574,6429.2
1942,2018.868493150685,5842.4
1943,2018.8712328767124,5718.9
1944,2018.8739726027397,5636.2
1945,2018.876712328767,5621.8
1946,2018.8794520547945,5658.3
1947,2018.8821917808218,4883.8
1948,2018.8849315068494,4524.6
1949,2018.8876712328768,4638.7
1950,2018.890410958904,4356.0
1951,2018.8931506849315,4398.0
1952,2018.8958904109588,3920.4
1953,2018.8986301369864,4062.2
1954,2018.9013698630138,3837.0
1955,2018.9041095890411,3866.5
1956,2018.9068493150685,4265.4
1957,2018.9095890410958,4296.5
1958,2018.9123287671232,4039.7
1959,2018.9150684931508,4196.2
1960,2018.9178082191781,4160.4
1961,2018.9205479452055,3897.8
1962,2018.9232876712329,3958.5
1963,2018.9260273972602,3771.6
1964,2018.9287671232876,3508.6
1965,2018.9315068493152,3422.2
1966,2018.9342465753425,3430.4
1967,2018.9369863013699,3567.5
1968,2018.9397260273972,3460.5
1969,2018.9424657534246,3407.7
1970,2018.945205479452,3466.1
1971,2018.9479452054795,3315.3
1972,2018.9506849315069,3247.8
1973,2018.9534246575342,3228.7
1974,2018.9561643835616,3247.9
1975,2018.958904109589,3526.1
1976,2018.9616438356165,3668.0
1977,2018.964383561644,3687.1
1978,2018.9671232876713,4076.0
1979,2018.9698630136986,3850.9
1980,2018.972602739726,3964.4
1981,2018.9753424657533,3944.4
1982,2018.978082191781,4026.1
1983,2018.9808219178083,3762.5
1984,2018.9835616438356,3793.7
1985,2018.986301369863,3586.9
1986,2018.9890410958903,3861.6
1987,2018.9917808219177,3706.8
1988,2018.9945205479453,3815.0
1989,2018.9972602739726,3709.4
1990,2019.0,3809.4
1991,2019.0027397260274,3873.8
1992,2019.0054794520547,3780.1
1993,2019.0082191780823,3802.7
1994,2019.0109589041097,3785.4
1995,2019.013698630137,4004.1
1996,2019.0164383561644,3985.9
1997,2019.0191780821917,3971.0
1998,2019.021917808219,3978.0
1999,2019.0246575342467,3603.7
2000,2019.027397260274,3616.5
2001,2019.0301369863014,3597.2
2002,2019.0328767123287,3490.2
2003,2019.035616438356,3638.1
2004,2019.0383561643835,3571.3
2005,2019.041095890411,3588.0
2006,2019.0438356164384,3626.4
2007,2019.0465753424658,3605.6
2008,2019.0493150684931,3677.8
2009,2019.0520547945205,3542.3
2010,2019.054794520548,3536.7
2011,2019.0575342465754,3580.1
2012,2019.0602739726028,3561.5
2013,2019.0630136986301,3574.3
2014,2019.0657534246575,3572.0
2015,2019.0684931506848,3570.9
2016,2019.0712328767124,3555.6
2017,2019.0739726027398,3442.8
2018,2019.0767123287671,3414.8
2019,2019.0794520547945,3460.0
2020,2019.0821917808219,3437.2
2021,2019.0849315068492,3467.9
2022,2019.0876712328768,3502.5
2023,2019.0904109589042,3459.1
2024,2019.0931506849315,3462.8
2025,2019.0958904109589,3468.4
2026,2019.0986301369862,3404.3
2027,2019.1013698630136,3397.7
2028,2019.1041095890412,3661.7
2029,2019.1068493150685,3661.4
2030,2019.109589041096,3679.0
2031,2019.1123287671232,3631.8
2032,2019.1150684931506,3632.0
2033,2019.1178082191782,3611.5
2034,2019.1205479452055,3592.6
2035,2019.123287671233,3604.7
2036,2019.1260273972603,3616.8
2037,2019.1287671232876,3664.2
2038,2019.131506849315,3896.0
2039,2019.1342465753426,3914.3
2040,2019.13698630137,3972.4
2041,2019.1397260273973,3936.6
2042,2019.1424657534246,3965.2
2043,2019.145205479452,4120.4
2044,2019.1479452054793,3755.2
2045,2019.150684931507,3833.7
2046,2019.1534246575343,3810.3
2047,2019.1561643835616,3814.6
2048,2019.158904109589,3816.6
2049,2019.1616438356164,3821.9
2050,2019.164383561644,3823.1
2051,2019.1671232876713,3809.5
2052,2019.1698630136987,3715.9
2053,2019.172602739726,3857.2
2054,2019.1753424657534,3863.0
2055,2019.1780821917807,3875.1
2056,2019.1808219178083,3865.9
2057,2019.1835616438357,3944.3
2058,2019.186301369863,3915.2
2059,2019.1890410958904,3870.3
2060,2019.1917808219177,3886.0
2061,2019.194520547945,3865.1
2062,2019.1972602739727,3879.0
2063,2019.2,3924.3
2064,2019.2027397260274,4006.4
2065,2019.2054794520548,3981.5
2066,2019.2082191780821,3990.2
2067,2019.2109589041097,4017.0
2068,2019.213698630137,4041.2
2069,2019.2164383561644,3982.2
2070,2019.2191780821918,3990.4
2071,2019.2219178082191,4002.5
2072,2019.2246575342465,3994.7
2073,2019.227397260274,3937.0
2074,2019.2301369863014,3942.8
2075,2019.2328767123288,4041.7
2076,2019.2356164383561,4025.6
2077,2019.2383561643835,4102.2
2078,2019.2410958904109,4111.8
2079,2019.2438356164384,4102.3
2080,2019.2465753424658,4145.1
2081,2019.2493150684932,4859.3
2082,2019.2520547945205,4968.7
2083,2019.2547945205479,4902.4
2084,2019.2575342465752,5010.2
2085,2019.2602739726028,5046.2
2086,2019.2631278538813,5173.6
2087,2019.2658675799087,5245.2
2088,2019.268607305936,5158.4
2089,2019.2713470319634,5307.8
2090,2019.274086757991,5022.6
2091,2019.2768264840183,5054.2
2092,2019.2795662100457,5051.8
2093,2019.282305936073,5134.8
2094,2019.2850456621004,5032.3
2095,2019.2877853881278,5180.9
2096,2019.2905251141553,5208.3
2097,2019.2932648401827,5264.7
2098,2019.29600456621,5241.0
2099,2019.2987442922374,5290.2
2100,2019.3014840182648,5243.5
2101,2019.3042237442921,5346.7
2102,2019.3069634703197,5511.6
2103,2019.309703196347,5415.6
2104,2019.3124429223744,5209.1
2105,2019.3151826484018,5298.3
2106,2019.3179223744291,5265.9
2107,2019.3206621004567,5302.3
2108,2019.323401826484,5235.0
2109,2019.3261415525114,5320.8
2110,2019.3288812785388,5384.2
2111,2019.3316210045662,5493.8
2112,2019.3343607305935,5766.8
2113,2019.337100456621,5830.9
2114,2019.3398401826485,5774.9
2115,2019.3425799086758,5745.1
2116,2019.3453196347032,5849.5
2117,2019.3480593607305,5990.3
2118,2019.350799086758,6191.5
2119,2019.3535388127855,6386.0
2120,2019.3562785388128,7190.3
2121,2019.3590182648402,6984.8
2122,2019.3617579908675,7806.0
2123,2019.364497716895,7994.6
2124,2019.3672374429225,8164.6
2125,2019.3699771689498,7871.8
2126,2019.3727168949772,7359.5
2127,2019.3754566210046,7262.6
2128,2019.378196347032,8157.2
2129,2019.3809360730593,7965.3
2130,2019.3836757990869,7930.3
2131,2019.3864155251142,7635.7
2132,2019.3891552511416,7852.1
2133,2019.391894977169,7970.1
2134,2019.3946347031963,8027.4
2135,2019.3973744292236,8630.2
2136,2019.4001141552512,8760.1
2137,2019.4028538812786,8716.3
2138,2019.405593607306,8647.8
2139,2019.4083333333333,8271.9
2140,2019.4110730593607,8558.3
2141,2019.413812785388,8545.7
2142,2019.4165525114156,8728.6
2143,2019.419292237443,8124.8
2144,2019.4220319634703,7685.5
2145,2019.4247716894977,7779.1
2146,2019.427511415525,7784.9
2147,2019.4302511415526,7985.2
2148,2019.43299086758,7901.4
2149,2019.4357305936073,7635.0
2150,2019.4384703196347,7987.8
2151,2019.441210045662,7888.0
2152,2019.4439497716894,8133.1
2153,2019.446689497717,8219.0
2154,2019.4494292237443,8656.1
2155,2019.4521689497717,8812.5
2156,2019.454908675799,8962.5
2157,2019.4576484018264,9318.8
2158,2019.4603881278538,9080.6
2159,2019.4631278538814,9255.4
2160,2019.4658675799087,9517.0
2161,2019.468607305936,10179.3
2162,2019.4713470319634,10721.7
2163,2019.4740867579908,10897.1
2164,2019.4768264840184,11046.4
2165,2019.4795662100457,11809.9
2166,2019.482305936073,13063.8
2167,2019.4850456621004,11287.8
2168,2019.4877853881278,12409.1
2169,2019.4905251141552,11906.5
2170,2019.4932648401827,10818.6
2171,2019.49600456621,10616.6
2172,2019.4987442922375,10835.9
2173,2019.5014840182648,11900.8
2174,2019.5042237442922,11163.1
2175,2019.5069634703195,10970.2
2176,2019.5097031963471,11268.0
2177,2019.5124429223745,11415.9
2178,2019.5151826484018,12252.6
2179,2019.5179223744292,12541.5
2180,2019.5206621004565,12110.6
2181,2019.523401826484,11342.3
2182,2019.5261415525115,11762.1
2183,2019.5288812785388,11364.9
2184,2019.5316210045662,10200.1
2185,2019.5343607305936,10845.9
2186,2019.537100456621,9424.8
2187,2019.5398401826485,9723.2
2188,2019.5425799086759,10651.4
2189,2019.5453196347032,10571.5
2190,2019.5480593607306,10826.7
2191,2019.550799086758,10714.4
2192,2019.5535388127853,10412.5
2193,2019.5562785388129,9888.7
2194,2019.5590182648402,9804.3
2195,2019.5617579908676,9945.3
2196,2019.564497716895,9831.0
2197,2019.5672374429223,9492.1
2198,2019.5699771689497,9727.8
2199,2019.5727168949772,9580.9
2200,2019.5754566210046,9580.7
2201,2019.578196347032,10082.0
2202,2019.5809360730593,10380.0
2203,2019.5836757990867,10520.1
2204,2019.5864155251143,10815.7
2205,2019.5891552511416,10934.6
2206,2019.591894977169,11816.8
2207,2019.5946347031963,11480.9
2208,2019.5973744292237,12013.9
2209,2019.600114155251,12191.6
2210,2019.6028538812786,12089.8
2211,2019.605593607306,11314.5
2212,2019.6083333333333,11517.2
2213,2019.6110730593607,11394.2
2214,2019.613812785388,10892.9
2215,2019.6165525114154,10049.4
2216,2019.619292237443,10303.4
2217,2019.6220319634704,10335.6
2218,2019.6247716894977,10218.1
2219,2019.627511415525,10312.7
2220,2019.6302511415524,10910.7
2221,2019.63299086758,10752.6
2222,2019.6357305936074,10141.5
2223,2019.6384703196347,10105.0
2224,2019.641210045662,10388.7
2225,2019.6439497716894,10131.0
2226,2019.6466894977168,10136.3
2227,2019.6494292237444,10371.8
2228,2019.6521689497717,10184.8
2229,2019.654908675799,9729.4
2230,2019.6576484018265,9491.0
2231,2019.6603881278538,9585.4
2232,2019.6631278538812,9594.4
2233,2019.6658675799088,9729.3
2234,2019.6686073059361,10348.8
2235,2019.6713470319635,10612.3
2236,2019.6740867579908,10568.2
2237,2019.6768264840182,10566.9
2238,2019.6795662100456,10309.3
2239,2019.6823059360731,10461.1
2240,2019.6850456621005,10402.8
2241,2019.6876712328767,10309.0
2242,2019.690410958904,10105.4
2243,2019.6931506849314,10162.5
2244,2019.695890410959,10415.1
2245,2019.6986301369864,10342.1
2246,2019.7013698630137,10337.3
2247,2019.704109589041,10311.5
2248,2019.7068493150684,10255.5
2249,2019.7095890410958,10195.7
2250,2019.7123287671234,10164.7
2251,2019.7150684931507,10250.5
2252,2019.717808219178,10172.7
2253,2019.7205479452055,9993.0
2254,2019.7232876712328,10031.6
2255,2019.7260273972602,9702.2
2256,2019.7287671232878,8513.9
2257,2019.731506849315,8432.4
2258,2019.7342465753425,8063.8
2259,2019.7369863013698,8184.9
2260,2019.7397260273972,8208.5
2261,2019.7424657534248,8049.1
2262,2019.7452054794521,8284.3
2263,2019.7479452054795,8302.7
2264,2019.7506849315068,8364.1
2265,2019.7534246575342,8226.9
2266,2019.7561643835616,8148.1
2267,2019.7589041095891,8127.3
2268,2019.7616438356165,7881.9
2269,2019.7643835616439,8198.6
2270,2019.7671232876712,8182.9
2271,2019.7698630136986,8566.7
2272,2019.772602739726,8562.3
2273,2019.7753424657535,8267.8
2274,2019.7780821917809,8304.4
2275,2019.7808219178082,8281.5
2276,2019.7835616438356,8353.3
2277,2019.786301369863,8167.2
2278,2019.7890410958903,8000.4
2279,2019.7917808219179,8073.3
2280,2019.7945205479452,7948.5
2281,2019.7972602739726,7957.3
2282,2019.8,8223.4
2283,2019.8027397260273,8208.2
2284,2019.805479452055,8031.4
2285,2019.8082191780823,7477.0
2286,2019.8109589041096,7422.7
2287,2019.813698630137,8658.3
2288,2019.8164383561643,9230.6
2289,2019.8191780821917,9529.6
2290,2019.8219178082193,9207.2
2291,2019.8246575342466,9411.3
2292,2019.827397260274,9157.9
2293,2019.8301369863013,9152.6
2294,2019.8328767123287,9230.1
2295,2019.835616438356,9300.6
2296,2019.8383561643836,9198.3
2297,2019.841095890411,9396.4
2298,2019.8438356164384,9310.8
2299,2019.8465753424657,9338.9
2300,2019.849315068493,9223.5
2301,2019.8520547945207,8778.2
2302,2019.854794520548,8804.5
2303,2019.8575342465754,9036.8
2304,2019.8602739726027,8736.9
2305,2019.86301369863,8812.6
2306,2019.8657534246574,8783.1
2307,2019.868493150685,8661.2
2308,2019.8712328767124,8476.3
2309,2019.8739726027397,8497.3
2310,2019.876712328767,8509.8
2311,2019.8794520547945,8208.4
2312,2019.8821917808218,8145.7
2313,2019.8849315068494,8099.3
2314,2019.8876712328768,7627.9
2315,2019.890410958904,7272.5
2316,2019.8931506849315,7324.1
2317,2019.8958904109588,6924.7
2318,2019.8986301369864,7115.6
2319,2019.9013698630138,7162.8
2320,2019.9041095890411,7510.6
2321,2019.9068493150685,7426.7
2322,2019.9095890410958,7742.7
2323,2019.9123287671232,7546.6
2324,2019.9150684931508,7396.4
2325,2019.9178082191781,7298.2
2326,2019.9205479452055,7291.8
2327,2019.9232876712329,7204.4
2328,2019.9260273972602,7399.2
2329,2019.9287671232876,7530.8
2330,2019.9315068493152,7510.9
2331,2019.9342465753425,7524.4
2332,2019.9369863013699,7355.8
2333,2019.9397260273972,7235.7
2334,2019.9424657534246,7208.0
2335,2019.945205479452,7208.0
2336,2019.9479452054795,7255.2
2337,2019.9506849315069,7080.8
2338,2019.9534246575342,7128.5
2339,2019.9561643835616,6903.5
2340,2019.958904109589,6613.3
2341,2019.9616438356165,7276.0
2342,2019.964383561644,7165.5
2343,2019.9671232876713,7196.4
2344,2019.9698630136986,7156.2
2345,2019.972602739726,7495.8
2346,2019.9753424657533,7322.8
2347,2019.978082191781,7268.3
2348,2019.9808219178083,7224.8
2349,2019.9835616438356,7210.9
2350,2019.986301369863,7261.7
2351,2019.9890410958903,7321.5
2352,2019.9917808219177,7397.5
2353,2019.9945205479453,7261.8
2354,2019.9972602739726,7196.4
2355,2020.0,7199.8
2356,2020.0027322404371,6967.0
2357,2020.0054644808743,7343.1
2358,2020.0081967213114,7376.8
2359,2020.0109289617487,7372.5
2360,2020.0136612021859,7759.1
2361,2020.016393442623,8155.7
2362,2020.01912568306,8059.6
2363,2020.0218579234972,7842.4
2364,2020.0245901639344,8187.1
2365,2020.0273224043715,8024.1
2366,2020.0300546448088,8187.6
2367,2020.032786885246,8111.4
2368,2020.035519125683,8829.2
2369,2020.0382513661202,8818.3
2370,2020.0409836065573,8726.9
2371,2020.0437158469945,8913.1
2372,2020.0464480874316,8916.3
2373,2020.049180327869,8706.2
2374,2020.051912568306,8641.9
2375,2020.0546448087432,8732.6
2376,2020.0573770491803,8678.5
2377,2020.0601092896175,8405.1
2378,2020.0628415300546,8439.9
2379,2020.0655737704917,8341.6
2380,2020.068306010929,8607.8
2381,2020.0710382513662,8866.6
2382,2020.0737704918033,9377.3
2383,2020.0765027322404,9298.9
2384,2020.0792349726776,9507.3
2385,2020.0819672131147,9349.1
2386,2020.0846994535518,9381.6
2387,2020.0874316939892,9334.9
2388,2020.0901639344263,9296.6
2389,2020.0928961748634,9193.9
2390,2020.0956284153006,9611.8
2391,2020.0983606557377,9772.0
2392,2020.1010928961748,9818.6
2393,2020.103825136612,9895.5
2394,2020.1065573770493,10151.5
2395,2020.1092896174864,9854.1
2396,2020.1120218579235,10229.5
2397,2020.1147540983607,10317.7
2398,2020.1174863387978,10235.1
2399,2020.120218579235,10333.0
2400,2020.122950819672,9907.7
2401,2020.1256830601094,9932.3
2402,2020.1284153005465,9701.4
2403,2020.1311475409836,10158.4
2404,2020.1338797814208,9609.4
2405,2020.136612021858,9602.4
2406,2020.139344262295,9684.5
2407,2020.1420765027322,9655.7
2408,2020.1448087431695,9942.7
2409,2020.1475409836066,9662.7
2410,2020.1502732240438,9317.2
2411,2020.1530054644809,8800.3
2412,2020.155737704918,8818.6
2413,2020.1584699453551,8697.5
2414,2020.1612021857923,8543.7
2415,2020.1639344262296,8540.0
2416,2020.1666666666667,8904.8
2417,2020.1693989071039,8761.4
2418,2020.172131147541,8757.9
2419,2020.1748633879781,9060.3
2420,2020.1775956284152,9134.8
2421,2020.1803278688524,8887.8
2422,2020.1830601092897,8034.1
2423,2020.1857923497269,7933.0
2424,2020.188524590164,7891.2
2425,2020.191256830601,7935.1
2426,2020.1939890710382,4826.0
2427,2020.1967213114754,5584.3
2428,2020.1994535519125,5182.7
2429,2020.2021857923498,5366.3
2430,2020.204918032787,5030.0
2431,2020.207650273224,5261.1
2432,2020.2103825136612,5361.4
2433,2020.2131147540983,6172.0
2434,2020.2158469945355,6205.3
2435,2020.2185792349726,6186.2
2436,2020.22131147541,5822.1
2437,2020.224043715847,6468.9
2438,2020.2267759562842,6744.6
2439,2020.2295081967213,6678.9
2440,2020.2322404371585,6725.1
2441,2020.2349726775956,6373.4
2442,2020.2377049180327,6233.7
2443,2020.24043715847,5890.4
2444,2020.2431693989072,6391.0
2445,2020.2459016393443,6412.5
2446,2020.2486338797814,6638.5
2447,2020.2513661202186,6800.5
2448,2020.2540983606557,6735.9
2449,2020.2568306010928,6857.4
2450,2020.2596766848817,6772.7
2451,2020.2624089253188,7332.3
2452,2020.265141165756,7185.2
2453,2020.267873406193,7361.2
2454,2020.2706056466302,7289.0
2455,2020.2733378870673,6863.1
2456,2020.2760701275045,6867.8
2457,2020.2788023679418,6917.6
2458,2020.281534608379,6841.3
2459,2020.284266848816,6850.9
2460,2020.2869990892532,6629.1
2461,2020.2897313296903,7085.6
2462,2020.2924635701274,7035.8
2463,2020.2951958105646,7230.8
2464,2020.297928051002,7122.9
2465,2020.300660291439,6833.5
2466,2020.3033925318762,6842.5
2467,2020.3061247723133,7112.9
2468,2020.3088570127504,7488.5
2469,2020.3115892531875,7503.8
2470,2020.3143214936247,7540.4
2471,2020.317053734062,7678.9
2472,2020.3197859744992,7766.0
2473,2020.3225182149363,7746.9
2474,2020.3252504553734,8770.9
2475,2020.3279826958105,8629.0
2476,2020.3307149362477,8821.6
2477,2020.3334471766848,8966.3
2478,2020.3361794171221,8885.5
2479,2020.3389116575593,8874.7
2480,2020.3416438979964,9001.0
2481,2020.3443761384335,9151.4
2482,2020.3471083788706,9979.8
2483,2020.3498406193078,9806.2
2484,2020.352572859745,9554.6
2485,2020.3553051001822,8738.8
2486,2020.3580373406194,8579.8
2487,2020.3607695810565,8813.8
2488,2020.3635018214936,9298.7
2489,2020.3662340619308,9778.4
2490,2020.3689663023679,9318.0
2491,2020.371698542805,9379.5
2492,2020.3744307832424,9677.7
2493,2020.3771630236795,9730.7
2494,2020.3798952641166,9773.3
2495,2020.3826275045537,9512.3
2496,2020.3853597449909,9059.0
2497,2020.388091985428,9169.7
2498,2020.3908242258651,9177.0
2499,2020.3935564663025,8728.2
2500,2020.3962887067396,8898.2
2501,2020.3990209471767,8842.5
2502,2020.4017531876138,9199.1
2503,2020.404485428051,9572.2
2504,2020.407217668488,9424.8
2505,2020.4099499089252,9692.5
2506,2020.4126821493626,9454.8
2507,2020.4154143897997,10189.3
2508,2020.4181466302368,9527.6
2509,2020.420878870674,9667.2
2510,2020.423611111111,9794.4
2511,2020.4263433515482,9631.2
2512,2020.4290755919853,9669.6
2513,2020.4318078324227,9742.6
2514,2020.4345400728598,9777.9
2515,2020.437272313297,9768.8
2516,2020.440004553734,9878.8
2517,2020.4427367941712,9283.2
2518,2020.4454690346083,9466.6
2519,2020.4482012750454,9471.3
2520,2020.4509335154828,9345.3
2521,2020.45366575592,9425.4
2522,2020.456397996357,9523.5
2523,2020.4591302367942,9464.6
2524,2020.4618624772313,9388.1
2525,2020.4645947176684,9314.0
2526,2020.4673269581056,9358.8
2527,2020.470059198543,9296.4
2528,2020.47279143898,9683.7
2529,2020.4755236794172,9624.6
2530,2020.4782559198543,9302.0
2531,2020.4809881602914,9247.5
2532,2020.4837204007285,9160.0
2533,2020.4864526411657,9008.3
2534,2020.489184881603,9124.0
2535,2020.4919171220401,9185.4
2536,2020.4946493624773,9135.4
2537,2020.4973816029144,9229.9
2538,2020.5001138433515,9085.1
2539,2020.5028460837887,9067.1
2540,2020.5055783242258,9134.4
2541,2020.5083105646631,9081.0
2542,2020.5110428051003,9339.0
2543,2020.5137750455374,9256.0
2544,2020.5165072859745,9429.9
2545,2020.5192395264116,9235.7
2546,2020.5219717668488,9285.1
2547,2020.524704007286,9233.3
2548,2020.5274362477232,9300.8
2549,2020.5301684881604,9243.6
2550,2020.5329007285975,9253.4
2551,2020.5356329690346,9198.7
2552,2020.5383652094717,9135.3
2553,2020.5410974499089,9155.8
2554,2020.543829690346,9170.2
2555,2020.5465619307834,9208.0
2556,2020.5492941712205,9162.4
2557,2020.5520264116576,9387.3
2558,2020.5547586520947,9513.7
2559,2020.5574908925319,9599.6
2560,2020.560223132969,9546.4
2561,2020.562955373406,9704.1
2562,2020.5656876138432,9932.5
2563,2020.5684198542806,11022.8
2564,2020.5711520947177,10908.5
2565,2020.5738843351548,11105.9
2566,2020.576616575592,11096.2
2567,2020.579348816029,11333.4
2568,2020.5820810564662,11964.8
2569,2020.5848132969033,11143.2
2570,2020.5875455373407,11254.7
2571,2020.5902777777778,11235.2
2572,2020.593010018215,11670.6
2573,2020.595742258652,11906.8
2574,2020.5984744990892,11575.5
2575,2020.6012067395263,11755.2
2576,2020.6039389799635,12023.4
2577,2020.6066712204008,11838.7
2578,2020.609403460838,11324.9
2579,2020.612135701275,11570.8
2580,2020.6148679417122,11732.4
2581,2020.6176001821493,11902.4